instant,dteday,season,yr,mnth,holiday,weekday,workingday,weathersit,temp,atemp,hum,windspeed,casual,registered,cnt,demand_cluster,7_day_MA,30_day_MA
1,2011-01-01,Spring,2011,1,0,6,0,Misty/Cloudy,0.344167,0.363625,0.805833,0.160446,331,654,985,Low Demand (Quiet Day),,
2,2011-01-02,Spring,2011,1,0,0,0,Misty/Cloudy,0.363478,0.353739,0.696087,0.248539,131,670,801,Low Demand (Quiet Day),,
3,2011-01-03,Spring,2011,1,0,1,1,Clear/Partly Cloudy,0.196364,0.189405,0.437273,0.248309,120,1229,1349,Low Demand (Quiet Day),,
4,2011-01-04,Spring,2011,1,0,2,1,Clear/Partly Cloudy,0.2,0.212122,0.590435,0.160296,108,1454,1562,Low Demand (Quiet Day),,
5,2011-01-05,Spring,2011,1,0,3,1,Clear/Partly Cloudy,0.226957,0.22927,0.436957,0.1869,82,1518,1600,Low Demand (Quiet Day),,
6,2011-01-06,Spring,2011,1,0,4,1,Clear/Partly Cloudy,0.204348,0.233209,0.518261,0.0895652,88,1518,1606,Low Demand (Quiet Day),,
7,2011-01-07,Spring,2011,1,0,5,1,Misty/Cloudy,0.196522,0.208839,0.498696,0.168726,148,1362,1510,Low Demand (Quiet Day),1344.7142857142858,
8,2011-01-08,Spring,2011,1,0,6,0,Misty/Cloudy,0.165,0.162254,0.535833,0.266804,68,891,959,Low Demand (Quiet Day),1341.0,
9,2011-01-09,Spring,2011,1,0,0,0,Clear/Partly Cloudy,0.138333,0.116175,0.434167,0.36195,54,768,822,Low Demand (Quiet Day),1344.0,
10,2011-01-10,Spring,2011,1,0,1,1,Clear/Partly Cloudy,0.150833,0.150888,0.482917,0.223267,41,1280,1321,Low Demand (Quiet Day),1340.0,
11,2011-01-11,Spring,2011,1,0,2,1,Misty/Cloudy,0.169091,0.191464,0.686364,0.122132,43,1220,1263,Low Demand (Quiet Day),1297.2857142857142,
12,2011-01-12,Spring,2011,1,0,3,1,Clear/Partly Cloudy,0.172727,0.160473,0.599545,0.304627,25,1137,1162,Low Demand (Quiet Day),1234.7142857142858,
13,2011-01-13,Spring,2011,1,0,4,1,Clear/Partly Cloudy,0.165,0.150883,0.470417,0.301,38,1368,1406,Low Demand (Quiet Day),1206.142857142857,
14,2011-01-14,Spring,2011,1,0,5,1,Clear/Partly Cloudy,0.16087,0.188413,0.537826,0.126548,54,1367,1421,Low Demand (Quiet Day),1193.4285714285713,
15,2011-01-15,Spring,2011,1,0,6,0,Misty/Cloudy,0.233333,0.248112,0.49875,0.157963,222,1026,1248,Low Demand (Quiet Day),1234.7142857142858,
16,2011-01-16,Spring,2011,1,0,0,0,Clear/Partly Cloudy,0.231667,0.234217,0.48375,0.188433,251,953,1204,Low Demand (Quiet Day),1289.2857142857142,
17,2011-01-17,Spring,2011,1,1,1,0,Misty/Cloudy,0.175833,0.176771,0.5375,0.194017,117,883,1000,Low Demand (Quiet Day),1243.4285714285713,
18,2011-01-18,Spring,2011,1,0,2,1,Misty/Cloudy,0.216667,0.232333,0.861667,0.146775,9,674,683,Low Demand (Quiet Day),1160.5714285714287,
19,2011-01-19,Spring,2011,1,0,3,1,Misty/Cloudy,0.292174,0.298422,0.741739,0.208317,78,1572,1650,Low Demand (Quiet Day),1230.2857142857142,
20,2011-01-20,Spring,2011,1,0,4,1,Misty/Cloudy,0.261667,0.25505,0.538333,0.195904,83,1844,1927,Low Demand (Quiet Day),1304.7142857142858,
21,2011-01-21,Spring,2011,1,0,5,1,Clear/Partly Cloudy,0.1775,0.157833,0.457083,0.353242,75,1468,1543,Low Demand (Quiet Day),1322.142857142857,
22,2011-01-22,Spring,2011,1,0,6,0,Clear/Partly Cloudy,0.0591304,0.0790696,0.4,0.17197,93,888,981,Low Demand (Quiet Day),1284.0,
23,2011-01-23,Spring,2011,1,0,0,0,Clear/Partly Cloudy,0.0965217,0.0988391,0.436522,0.2466,150,836,986,Low Demand (Quiet Day),1252.857142857143,
24,2011-01-24,Spring,2011,1,0,1,1,Clear/Partly Cloudy,0.0973913,0.11793,0.491739,0.15833,86,1330,1416,Low Demand (Quiet Day),1312.2857142857142,
25,2011-01-25,Spring,2011,1,0,2,1,Misty/Cloudy,0.223478,0.234526,0.616957,0.129796,186,1799,1985,Low Demand (Quiet Day),1498.2857142857142,
26,2011-01-26,Spring,2011,1,0,3,1,Light Snow/Rain,0.2175,0.2036,0.8625,0.29385,34,472,506,Low Demand (Quiet Day),1334.857142857143,
27,2011-01-27,Spring,2011,1,0,4,1,Clear/Partly Cloudy,0.195,0.2197,0.6875,0.113837,15,416,431,Low Demand (Quiet Day),1121.142857142857,
28,2011-01-28,Spring,2011,1,0,5,1,Misty/Cloudy,0.203478,0.223317,0.793043,0.1233,38,1129,1167,Low Demand (Quiet Day),1067.4285714285713,
29,2011-01-29,Spring,2011,1,0,6,0,Clear/Partly Cloudy,0.196522,0.212126,0.651739,0.145365,123,975,1098,Low Demand (Quiet Day),1084.142857142857,
30,2011-01-30,Spring,2011,1,0,0,0,Clear/Partly Cloudy,0.216522,0.250322,0.722174,0.0739826,140,956,1096,Low Demand (Quiet Day),1099.857142857143,1222.9333333333334
31,2011-01-31,Spring,2011,1,0,1,1,Misty/Cloudy,0.180833,0.18625,0.60375,0.187192,42,1459,1501,Low Demand (Quiet Day),1112.0,1240.1333333333334
32,2011-02-01,Spring,2011,2,0,2,1,Misty/Cloudy,0.192174,0.23453,0.829565,0.053213,47,1313,1360,Low Demand (Quiet Day),1022.7142857142857,1258.7666666666667
33,2011-02-02,Spring,2011,2,0,3,1,Misty/Cloudy,0.26,0.254417,0.775417,0.264308,72,1454,1526,Low Demand (Quiet Day),1168.4285714285713,1264.6666666666667
34,2011-02-03,Spring,2011,2,0,4,1,Clear/Partly Cloudy,0.186957,0.177878,0.437826,0.277752,61,1489,1550,Low Demand (Quiet Day),1328.2857142857142,1264.2666666666667
35,2011-02-04,Spring,2011,2,0,5,1,Misty/Cloudy,0.211304,0.228587,0.585217,0.127839,88,1620,1708,Low Demand (Quiet Day),1405.5714285714287,1267.8666666666666
36,2011-02-05,Spring,2011,2,0,6,0,Misty/Cloudy,0.233333,0.243058,0.929167,0.161079,100,905,1005,Low Demand (Quiet Day),1392.2857142857142,1247.8333333333333
37,2011-02-06,Spring,2011,2,0,0,0,Clear/Partly Cloudy,0.285833,0.291671,0.568333,0.1418,354,1269,1623,Low Demand (Quiet Day),1467.5714285714287,1251.6
38,2011-02-07,Spring,2011,2,0,1,1,Clear/Partly Cloudy,0.271667,0.303658,0.738333,0.0454083,120,1592,1712,Low Demand (Quiet Day),1497.7142857142858,1276.7
39,2011-02-08,Spring,2011,2,0,2,1,Clear/Partly Cloudy,0.220833,0.198246,0.537917,0.36195,64,1466,1530,Low Demand (Quiet Day),1522.0,1300.3
40,2011-02-09,Spring,2011,2,0,3,1,Misty/Cloudy,0.134783,0.144283,0.494783,0.188839,53,1552,1605,Low Demand (Quiet Day),1533.2857142857142,1309.7666666666667
41,2011-02-10,Spring,2011,2,0,4,1,Clear/Partly Cloudy,0.144348,0.149548,0.437391,0.221935,47,1491,1538,Low Demand (Quiet Day),1531.5714285714287,1318.9333333333334
42,2011-02-11,Spring,2011,2,0,5,1,Clear/Partly Cloudy,0.189091,0.213509,0.506364,0.10855,149,1597,1746,Low Demand (Quiet Day),1537.0,1338.4
43,2011-02-12,Spring,2011,2,0,6,0,Clear/Partly Cloudy,0.2225,0.232954,0.544167,0.203367,288,1184,1472,Low Demand (Quiet Day),1603.7142857142858,1340.6
44,2011-02-13,Spring,2011,2,0,0,0,Clear/Partly Cloudy,0.316522,0.324113,0.457391,0.260883,397,1192,1589,Low Demand (Quiet Day),1598.857142857143,1346.2
45,2011-02-14,Spring,2011,2,0,1,1,Clear/Partly Cloudy,0.415,0.39835,0.375833,0.417908,208,1705,1913,Low Demand (Quiet Day),1627.5714285714287,1368.3666666666666
46,2011-02-15,Spring,2011,2,0,2,1,Clear/Partly Cloudy,0.266087,0.254274,0.314348,0.291374,140,1675,1815,Low Demand (Quiet Day),1668.2857142857142,1388.7333333333333
47,2011-02-16,Spring,2011,2,0,3,1,Clear/Partly Cloudy,0.318261,0.3162,0.423478,0.251791,218,1897,2115,Low Demand (Quiet Day),1741.142857142857,1425.9
48,2011-02-17,Spring,2011,2,0,4,1,Clear/Partly Cloudy,0.435833,0.428658,0.505,0.230104,259,2216,2475,Low Demand (Quiet Day),1875.0,1485.6333333333334
49,2011-02-18,Spring,2011,2,0,5,1,Clear/Partly Cloudy,0.521667,0.511983,0.516667,0.264925,579,2348,2927,Low Demand (Quiet Day),2043.7142857142858,1528.2
50,2011-02-19,Spring,2011,2,0,6,0,Clear/Partly Cloudy,0.399167,0.391404,0.187917,0.507463,532,1103,1635,Low Demand (Quiet Day),2067.0,1518.4666666666667
51,2011-02-20,Spring,2011,2,0,0,0,Clear/Partly Cloudy,0.285217,0.27733,0.407826,0.223235,639,1173,1812,Low Demand (Quiet Day),2098.8571428571427,1527.4333333333334
52,2011-02-21,Spring,2011,2,1,1,0,Misty/Cloudy,0.303333,0.284075,0.605,0.307846,195,912,1107,Low Demand (Quiet Day),1983.7142857142858,1531.6333333333334
53,2011-02-22,Spring,2011,2,0,2,1,Clear/Partly Cloudy,0.182222,0.186033,0.577778,0.195683,74,1376,1450,Low Demand (Quiet Day),1931.5714285714287,1547.1
54,2011-02-23,Spring,2011,2,0,3,1,Clear/Partly Cloudy,0.221739,0.245717,0.423043,0.094113,139,1778,1917,Low Demand (Quiet Day),1903.2857142857142,1563.8
55,2011-02-24,Spring,2011,2,0,4,1,Misty/Cloudy,0.295652,0.289191,0.697391,0.250496,100,1707,1807,Low Demand (Quiet Day),1807.857142857143,1557.8666666666666
56,2011-02-25,Spring,2011,2,0,5,1,Misty/Cloudy,0.364348,0.350461,0.712174,0.346539,120,1341,1461,Low Demand (Quiet Day),1598.4285714285713,1589.7
57,2011-02-26,Spring,2011,2,0,6,0,Clear/Partly Cloudy,0.2825,0.282192,0.537917,0.186571,424,1545,1969,Low Demand (Quiet Day),1646.142857142857,1640.9666666666667
58,2011-02-27,Spring,2011,2,0,0,0,Clear/Partly Cloudy,0.343478,0.351109,0.68,0.125248,694,1708,2402,Low Demand (Quiet Day),1730.4285714285713,1682.1333333333334
59,2011-02-28,Spring,2011,2,0,1,1,Misty/Cloudy,0.407273,0.400118,0.876364,0.289686,81,1365,1446,Low Demand (Quiet Day),1778.857142857143,1693.7333333333333
60,2011-03-01,Spring,2011,3,0,2,1,Clear/Partly Cloudy,0.266667,0.263879,0.535,0.216425,137,1714,1851,Low Demand (Quiet Day),1836.142857142857,1718.9
61,2011-03-02,Spring,2011,3,0,3,1,Clear/Partly Cloudy,0.335,0.320071,0.449583,0.307833,231,1903,2134,Low Demand (Quiet Day),1867.142857142857,1740.0
62,2011-03-03,Spring,2011,3,0,4,1,Clear/Partly Cloudy,0.198333,0.200133,0.318333,0.225754,123,1562,1685,Low Demand (Quiet Day),1849.7142857142858,1750.8333333333333
63,2011-03-04,Spring,2011,3,0,5,1,Misty/Cloudy,0.261667,0.255679,0.610417,0.203346,214,1730,1944,Low Demand (Quiet Day),1918.7142857142858,1764.7666666666667
64,2011-03-05,Spring,2011,3,0,6,0,Misty/Cloudy,0.384167,0.378779,0.789167,0.251871,640,1437,2077,Low Demand (Quiet Day),1934.142857142857,1782.3333333333333
65,2011-03-06,Spring,2011,3,0,0,0,Misty/Cloudy,0.376522,0.366252,0.948261,0.343287,114,491,605,Low Demand (Quiet Day),1677.4285714285713,1745.5666666666666
66,2011-03-07,Spring,2011,3,0,1,1,Clear/Partly Cloudy,0.261739,0.238461,0.551304,0.341352,244,1628,1872,Low Demand (Quiet Day),1738.2857142857142,1774.4666666666667
67,2011-03-08,Spring,2011,3,0,2,1,Clear/Partly Cloudy,0.2925,0.3024,0.420833,0.12065,316,1817,2133,Low Demand (Quiet Day),1778.5714285714287,1791.4666666666667
68,2011-03-09,Spring,2011,3,0,3,1,Misty/Cloudy,0.295833,0.286608,0.775417,0.22015,191,1700,1891,Low Demand (Quiet Day),1743.857142857143,1797.4333333333334
69,2011-03-10,Spring,2011,3,0,4,1,Light Snow/Rain,0.389091,0.385668,0.0,0.261877,46,577,623,Low Demand (Quiet Day),1592.142857142857,1767.2
70,2011-03-11,Spring,2011,3,0,5,1,Misty/Cloudy,0.316522,0.305,0.649565,0.23297,247,1730,1977,Low Demand (Quiet Day),1596.857142857143,1779.6
71,2011-03-12,Spring,2011,3,0,6,0,Clear/Partly Cloudy,0.329167,0.32575,0.594583,0.220775,724,1408,2132,Low Demand (Quiet Day),1604.7142857142858,1799.4
72,2011-03-13,Spring,2011,3,0,0,0,Clear/Partly Cloudy,0.384348,0.380091,0.527391,0.270604,982,1435,2417,Low Demand (Quiet Day),1863.5714285714287,1821.7666666666667
73,2011-03-14,Spring,2011,3,0,1,1,Clear/Partly Cloudy,0.325217,0.332,0.496957,0.136926,359,1687,2046,Low Demand (Quiet Day),1888.4285714285713,1840.9
74,2011-03-15,Spring,2011,3,0,2,1,Misty/Cloudy,0.317391,0.318178,0.655652,0.184309,289,1767,2056,Low Demand (Quiet Day),1877.4285714285713,1856.4666666666667
75,2011-03-16,Spring,2011,3,0,3,1,Misty/Cloudy,0.365217,0.36693,0.776522,0.203117,321,1871,2192,Low Demand (Quiet Day),1920.4285714285713,1865.7666666666667
76,2011-03-17,Spring,2011,3,0,4,1,Clear/Partly Cloudy,0.415,0.410333,0.602917,0.209579,424,2320,2744,Low Demand (Quiet Day),2223.4285714285716,1896.7333333333333
77,2011-03-18,Spring,2011,3,0,5,1,Clear/Partly Cloudy,0.54,0.527009,0.525217,0.231017,884,2355,3239,Medium Demand (Typical Day),2403.714285714286,1934.2
78,2011-03-19,Spring,2011,3,0,6,0,Clear/Partly Cloudy,0.4725,0.466525,0.379167,0.368167,1424,1693,3117,Low Demand (Quiet Day),2544.4285714285716,1955.6
79,2011-03-20,Spring,2011,3,0,0,0,Clear/Partly Cloudy,0.3325,0.32575,0.47375,0.207721,1047,1424,2471,Low Demand (Quiet Day),2552.1428571428573,1940.4
80,2011-03-21,Summer,2011,3,0,1,1,Misty/Cloudy,0.430435,0.409735,0.737391,0.288783,401,1676,2077,Low Demand (Quiet Day),2556.5714285714284,1955.1333333333334
81,2011-03-22,Summer,2011,3,0,2,1,Clear/Partly Cloudy,0.441667,0.440642,0.624583,0.22575,460,2243,2703,Low Demand (Quiet Day),2649.0,1984.8333333333333
82,2011-03-23,Summer,2011,3,0,3,1,Misty/Cloudy,0.346957,0.337939,0.839565,0.234261,203,1918,2121,Low Demand (Quiet Day),2638.8571428571427,2018.6333333333334
83,2011-03-24,Summer,2011,3,0,4,1,Misty/Cloudy,0.285,0.270833,0.805833,0.243787,166,1699,1865,Low Demand (Quiet Day),2513.285714285714,2032.4666666666667
84,2011-03-25,Summer,2011,3,0,5,1,Clear/Partly Cloudy,0.264167,0.256312,0.495,0.230725,300,1910,2210,Low Demand (Quiet Day),2366.285714285714,2042.2333333333333
85,2011-03-26,Summer,2011,3,0,6,0,Clear/Partly Cloudy,0.265833,0.257571,0.394167,0.209571,981,1515,2496,Low Demand (Quiet Day),2277.5714285714284,2065.2
86,2011-03-27,Summer,2011,3,0,0,0,Misty/Cloudy,0.253043,0.250339,0.493913,0.1843,472,1221,1693,Low Demand (Quiet Day),2166.4285714285716,2072.9333333333334
87,2011-03-28,Summer,2011,3,0,1,1,Clear/Partly Cloudy,0.264348,0.257574,0.302174,0.212204,222,1806,2028,Low Demand (Quiet Day),2159.4285714285716,2074.9
88,2011-03-29,Summer,2011,3,0,2,1,Clear/Partly Cloudy,0.3025,0.292908,0.314167,0.226996,317,2108,2425,Low Demand (Quiet Day),2119.714285714286,2075.6666666666665
89,2011-03-30,Summer,2011,3,0,3,1,Misty/Cloudy,0.3,0.29735,0.646667,0.172888,168,1368,1536,Low Demand (Quiet Day),2036.142857142857,2078.6666666666665
90,2011-03-31,Summer,2011,3,0,4,1,Light Snow/Rain,0.268333,0.257575,0.918333,0.217646,179,1506,1685,Low Demand (Quiet Day),2010.4285714285713,2073.133333333333
91,2011-04-01,Summer,2011,4,0,5,1,Misty/Cloudy,0.3,0.283454,0.68625,0.258708,307,1920,2227,Low Demand (Quiet Day),2012.857142857143,2076.233333333333
92,2011-04-02,Summer,2011,4,0,6,0,Misty/Cloudy,0.315,0.315637,0.65375,0.197146,898,1354,2252,Low Demand (Quiet Day),1978.0,2095.133333333333
93,2011-04-03,Summer,2011,4,0,0,0,Clear/Partly Cloudy,0.378333,0.378767,0.48,0.182213,1651,1598,3249,Medium Demand (Typical Day),2200.285714285714,2138.633333333333
94,2011-04-04,Summer,2011,4,0,1,1,Clear/Partly Cloudy,0.573333,0.542929,0.42625,0.385571,734,2381,3115,Low Demand (Quiet Day),2355.5714285714284,2173.233333333333
95,2011-04-05,Summer,2011,4,0,2,1,Misty/Cloudy,0.414167,0.39835,0.642083,0.388067,167,1628,1795,Low Demand (Quiet Day),2265.5714285714284,2212.9
96,2011-04-06,Summer,2011,4,0,3,1,Clear/Partly Cloudy,0.390833,0.387608,0.470833,0.263063,413,2395,2808,Low Demand (Quiet Day),2447.285714285714,2244.1
97,2011-04-07,Summer,2011,4,0,4,1,Clear/Partly Cloudy,0.4375,0.433696,0.602917,0.162312,571,2570,3141,Low Demand (Quiet Day),2655.285714285714,2277.7
98,2011-04-08,Summer,2011,4,0,5,1,Misty/Cloudy,0.335833,0.324479,0.83625,0.226992,172,1299,1471,Low Demand (Quiet Day),2547.285714285714,2263.7
99,2011-04-09,Summer,2011,4,0,6,0,Misty/Cloudy,0.3425,0.341529,0.8775,0.133083,879,1576,2455,Low Demand (Quiet Day),2576.285714285714,2324.766666666667
100,2011-04-10,Summer,2011,4,0,0,0,Misty/Cloudy,0.426667,0.426737,0.8575,0.146767,1188,1707,2895,Low Demand (Quiet Day),2525.714285714286,2355.366666666667
101,2011-04-11,Summer,2011,4,0,1,1,Misty/Cloudy,0.595652,0.565217,0.716956,0.324474,855,2493,3348,Medium Demand (Typical Day),2559.0,2395.9
102,2011-04-12,Summer,2011,4,0,2,1,Misty/Cloudy,0.5025,0.493054,0.739167,0.274879,257,1777,2034,Low Demand (Quiet Day),2593.1428571428573,2383.133333333333
103,2011-04-13,Summer,2011,4,0,3,1,Misty/Cloudy,0.4125,0.417283,0.819167,0.250617,209,1953,2162,Low Demand (Quiet Day),2500.8571428571427,2387.0
104,2011-04-14,Summer,2011,4,0,4,1,Clear/Partly Cloudy,0.4675,0.462742,0.540417,0.1107,529,2738,3267,Medium Demand (Typical Day),2518.8571428571427,2427.366666666667
105,2011-04-15,Summer,2011,4,1,5,0,Clear/Partly Cloudy,0.446667,0.441913,0.67125,0.226375,642,2484,3126,Low Demand (Quiet Day),2755.285714285714,2458.5
106,2011-04-16,Summer,2011,4,0,6,0,Light Snow/Rain,0.430833,0.425492,0.888333,0.340808,121,674,795,Low Demand (Quiet Day),2518.1428571428573,2393.5333333333333
107,2011-04-17,Summer,2011,4,0,0,0,Clear/Partly Cloudy,0.456667,0.445696,0.479583,0.303496,1558,2186,3744,Medium Demand (Typical Day),2639.4285714285716,2410.366666666667
108,2011-04-18,Summer,2011,4,0,1,1,Clear/Partly Cloudy,0.5125,0.503146,0.5425,0.163567,669,2760,3429,Medium Demand (Typical Day),2651.0,2420.766666666667
109,2011-04-19,Summer,2011,4,0,2,1,Misty/Cloudy,0.505833,0.489258,0.665833,0.157971,409,2795,3204,Medium Demand (Typical Day),2818.1428571428573,2445.2
110,2011-04-20,Summer,2011,4,0,3,1,Clear/Partly Cloudy,0.595,0.564392,0.614167,0.241925,613,3331,3944,Medium Demand (Typical Day),3072.714285714286,2507.4333333333334
111,2011-04-21,Summer,2011,4,0,4,1,Clear/Partly Cloudy,0.459167,0.453892,0.407083,0.325258,745,3444,4189,Medium Demand (Typical Day),3204.4285714285716,2556.9666666666667
112,2011-04-22,Summer,2011,4,0,5,1,Misty/Cloudy,0.336667,0.321954,0.729583,0.219521,177,1506,1683,Low Demand (Quiet Day),2998.285714285714,2542.366666666667
113,2011-04-23,Summer,2011,4,0,6,0,Misty/Cloudy,0.46,0.450121,0.887917,0.230725,1462,2574,4036,Medium Demand (Typical Day),3461.285714285714,2614.733333333333
114,2011-04-24,Summer,2011,4,0,0,0,Misty/Cloudy,0.581667,0.551763,0.810833,0.192175,1710,2481,4191,Medium Demand (Typical Day),3525.1428571428573,2680.766666666667
115,2011-04-25,Summer,2011,4,0,1,1,Clear/Partly Cloudy,0.606667,0.5745,0.776667,0.185333,773,3300,4073,Medium Demand (Typical Day),3617.1428571428573,2733.3333333333335
116,2011-04-26,Summer,2011,4,0,2,1,Clear/Partly Cloudy,0.631667,0.594083,0.729167,0.3265,678,3722,4400,Medium Demand (Typical Day),3788.0,2823.5666666666666
117,2011-04-27,Summer,2011,4,0,3,1,Misty/Cloudy,0.62,0.575142,0.835417,0.3122,547,3325,3872,Medium Demand (Typical Day),3777.714285714286,2885.0333333333333
118,2011-04-28,Summer,2011,4,0,4,1,Misty/Cloudy,0.6175,0.578929,0.700833,0.320908,569,3489,4058,Medium Demand (Typical Day),3759.0,2939.4666666666667
119,2011-04-29,Summer,2011,4,0,5,1,Clear/Partly Cloudy,0.51,0.497463,0.457083,0.240063,878,3717,4595,Medium Demand (Typical Day),4175.0,3041.4333333333334
120,2011-04-30,Summer,2011,4,0,6,0,Clear/Partly Cloudy,0.4725,0.464021,0.503333,0.235075,1965,3347,5312,Medium Demand (Typical Day),4357.285714285715,3162.3333333333335
121,2011-05-01,Summer,2011,5,0,0,0,Misty/Cloudy,0.451667,0.448204,0.762083,0.106354,1138,2213,3351,Medium Demand (Typical Day),4237.285714285715,3199.8
122,2011-05-02,Summer,2011,5,0,1,1,Misty/Cloudy,0.549167,0.532833,0.73,0.183454,847,3554,4401,Medium Demand (Typical Day),4284.142857142857,3271.4333333333334
123,2011-05-03,Summer,2011,5,0,2,1,Misty/Cloudy,0.616667,0.582079,0.697083,0.342667,603,3848,4451,Medium Demand (Typical Day),4291.428571428572,3311.5
124,2011-05-04,Summer,2011,5,0,3,1,Misty/Cloudy,0.414167,0.40465,0.737083,0.328996,255,2378,2633,Low Demand (Quiet Day),4114.428571428572,3295.4333333333334
125,2011-05-05,Summer,2011,5,0,4,1,Clear/Partly Cloudy,0.459167,0.441917,0.444167,0.295392,614,3819,4433,Medium Demand (Typical Day),4168.0,3383.366666666667
126,2011-05-06,Summer,2011,5,0,5,1,Clear/Partly Cloudy,0.479167,0.474117,0.59,0.228246,894,3714,4608,Medium Demand (Typical Day),4169.857142857143,3443.366666666667
127,2011-05-07,Summer,2011,5,0,6,0,Clear/Partly Cloudy,0.52,0.512621,0.54125,0.16045,1612,3102,4714,Medium Demand (Typical Day),4084.4285714285716,3495.8
128,2011-05-08,Summer,2011,5,0,0,0,Clear/Partly Cloudy,0.528333,0.518933,0.631667,0.0746375,1401,2932,4333,Medium Demand (Typical Day),4224.714285714285,3591.2
129,2011-05-09,Summer,2011,5,0,1,1,Clear/Partly Cloudy,0.5325,0.525246,0.58875,0.176,664,3698,4362,Medium Demand (Typical Day),4219.142857142857,3654.766666666667
130,2011-05-10,Summer,2011,5,0,2,1,Clear/Partly Cloudy,0.5325,0.522721,0.489167,0.115671,694,4109,4803,Medium Demand (Typical Day),4269.428571428572,3718.366666666667
131,2011-05-11,Summer,2011,5,0,3,1,Clear/Partly Cloudy,0.5425,0.5284,0.632917,0.120642,550,3632,4182,Medium Demand (Typical Day),4490.714285714285,3746.1666666666665
132,2011-05-12,Summer,2011,5,0,4,1,Clear/Partly Cloudy,0.535,0.523363,0.7475,0.189667,695,4169,4864,Medium Demand (Typical Day),4552.285714285715,3840.5
133,2011-05-13,Summer,2011,5,0,5,1,Misty/Cloudy,0.5125,0.4943,0.863333,0.179725,692,3413,4105,Medium Demand (Typical Day),4480.428571428572,3905.266666666667
134,2011-05-14,Summer,2011,5,0,6,0,Misty/Cloudy,0.520833,0.500629,0.9225,0.13495,902,2507,3409,Medium Demand (Typical Day),4294.0,3910.0
135,2011-05-15,Summer,2011,5,0,0,0,Misty/Cloudy,0.5625,0.536,0.867083,0.152979,1582,2971,4553,Medium Demand (Typical Day),4325.428571428572,3957.5666666666666
136,2011-05-16,Summer,2011,5,0,1,1,Clear/Partly Cloudy,0.5775,0.550512,0.787917,0.126871,773,3185,3958,Medium Demand (Typical Day),4267.714285714285,4063.0
137,2011-05-17,Summer,2011,5,0,2,1,Misty/Cloudy,0.561667,0.538529,0.837917,0.277354,678,3445,4123,Medium Demand (Typical Day),4170.571428571428,4075.633333333333
138,2011-05-18,Summer,2011,5,0,3,1,Misty/Cloudy,0.55,0.527158,0.87,0.201492,536,3319,3855,Medium Demand (Typical Day),4123.857142857143,4089.8333333333335
139,2011-05-19,Summer,2011,5,0,4,1,Misty/Cloudy,0.530833,0.510742,0.829583,0.108213,735,3840,4575,Medium Demand (Typical Day),4082.5714285714284,4135.533333333334
140,2011-05-20,Summer,2011,5,0,5,1,Clear/Partly Cloudy,0.536667,0.529042,0.719583,0.125013,909,4008,4917,Medium Demand (Typical Day),4198.571428571428,4167.966666666666
141,2011-05-21,Summer,2011,5,0,6,0,Clear/Partly Cloudy,0.6025,0.571975,0.626667,0.12065,2258,3547,5805,Medium Demand (Typical Day),4540.857142857143,4221.833333333333
142,2011-05-22,Summer,2011,5,0,0,0,Clear/Partly Cloudy,0.604167,0.5745,0.749583,0.148008,1576,3084,4660,Medium Demand (Typical Day),4556.142857142857,4321.066666666667
143,2011-05-23,Summer,2011,5,0,1,1,Misty/Cloudy,0.631667,0.590296,0.81,0.233842,836,3438,4274,Medium Demand (Typical Day),4601.285714285715,4329.0
144,2011-05-24,Summer,2011,5,0,2,1,Misty/Cloudy,0.66,0.604813,0.740833,0.207092,659,3833,4492,Medium Demand (Typical Day),4654.0,4339.033333333334
145,2011-05-25,Summer,2011,5,0,3,1,Clear/Partly Cloudy,0.660833,0.615542,0.69625,0.154233,740,4238,4978,Medium Demand (Typical Day),4814.428571428572,4369.2
146,2011-05-26,Summer,2011,5,0,4,1,Clear/Partly Cloudy,0.708333,0.654688,0.6775,0.199642,758,3919,4677,Medium Demand (Typical Day),4829.0,4378.433333333333
147,2011-05-27,Summer,2011,5,0,5,1,Clear/Partly Cloudy,0.681667,0.637008,0.65375,0.240679,871,3808,4679,Medium Demand (Typical Day),4795.0,4405.333333333333
148,2011-05-28,Summer,2011,5,0,6,0,Clear/Partly Cloudy,0.655833,0.612379,0.729583,0.230092,2001,2757,4758,Medium Demand (Typical Day),4645.428571428572,4428.666666666667
149,2011-05-29,Summer,2011,5,0,0,0,Clear/Partly Cloudy,0.6675,0.61555,0.81875,0.213938,2355,2433,4788,Medium Demand (Typical Day),4663.714285714285,4435.1
150,2011-05-30,Summer,2011,5,1,1,0,Clear/Partly Cloudy,0.733333,0.671092,0.685,0.131225,1549,2549,4098,Medium Demand (Typical Day),4638.571428571428,4394.633333333333
151,2011-05-31,Summer,2011,5,0,2,1,Clear/Partly Cloudy,0.775,0.725383,0.636667,0.111329,673,3309,3982,Medium Demand (Typical Day),4565.714285714285,4415.666666666667
152,2011-06-01,Summer,2011,6,0,3,1,Misty/Cloudy,0.764167,0.720967,0.677083,0.207092,513,3461,3974,Medium Demand (Typical Day),4422.285714285715,4401.433333333333
153,2011-06-02,Summer,2011,6,0,4,1,Clear/Partly Cloudy,0.715,0.643942,0.305,0.292287,736,4232,4968,Medium Demand (Typical Day),4463.857142857143,4418.666666666667
154,2011-06-03,Summer,2011,6,0,5,1,Clear/Partly Cloudy,0.62,0.587133,0.354167,0.253121,898,4414,5312,Medium Demand (Typical Day),4554.285714285715,4507.966666666666
155,2011-06-04,Summer,2011,6,0,6,0,Clear/Partly Cloudy,0.635,0.594696,0.45625,0.123142,1869,3473,5342,Medium Demand (Typical Day),4637.714285714285,4538.266666666666
156,2011-06-05,Summer,2011,6,0,0,0,Misty/Cloudy,0.648333,0.616804,0.6525,0.138692,1685,3221,4906,Medium Demand (Typical Day),4654.571428571428,4548.2
157,2011-06-06,Summer,2011,6,0,1,1,Clear/Partly Cloudy,0.678333,0.621858,0.6,0.121896,673,3875,4548,Medium Demand (Typical Day),4718.857142857143,4542.666666666667
158,2011-06-07,Summer,2011,6,0,2,1,Clear/Partly Cloudy,0.7075,0.65595,0.597917,0.187808,763,4070,4833,Medium Demand (Typical Day),4840.428571428572,4559.333333333333
159,2011-06-08,Summer,2011,6,0,3,1,Clear/Partly Cloudy,0.775833,0.727279,0.622083,0.136817,676,3725,4401,Medium Demand (Typical Day),4901.428571428572,4560.633333333333
160,2011-06-09,Summer,2011,6,0,4,1,Misty/Cloudy,0.808333,0.757579,0.568333,0.149883,563,3352,3915,Medium Demand (Typical Day),4751.0,4531.033333333334
161,2011-06-10,Summer,2011,6,0,5,1,Clear/Partly Cloudy,0.755,0.703292,0.605,0.140554,815,3771,4586,Medium Demand (Typical Day),4647.285714285715,4544.5
162,2011-06-11,Summer,2011,6,0,6,0,Clear/Partly Cloudy,0.725,0.678038,0.654583,0.15485,1729,3237,4966,Medium Demand (Typical Day),4593.571428571428,4547.9
163,2011-06-12,Summer,2011,6,0,0,0,Clear/Partly Cloudy,0.6925,0.643325,0.747917,0.163567,1467,2993,4460,Medium Demand (Typical Day),4529.857142857143,4559.733333333334
164,2011-06-13,Summer,2011,6,0,1,1,Clear/Partly Cloudy,0.635,0.601654,0.494583,0.30535,863,4157,5020,Medium Demand (Typical Day),4597.285714285715,4613.433333333333
165,2011-06-14,Summer,2011,6,0,2,1,Clear/Partly Cloudy,0.604167,0.591546,0.507083,0.269283,727,4164,4891,Medium Demand (Typical Day),4605.571428571428,4624.7
166,2011-06-15,Summer,2011,6,0,3,1,Clear/Partly Cloudy,0.626667,0.587754,0.471667,0.167912,769,4411,5180,Medium Demand (Typical Day),4716.857142857143,4665.433333333333
167,2011-06-16,Summer,2011,6,0,4,1,Misty/Cloudy,0.628333,0.595346,0.688333,0.206471,545,3222,3767,Medium Demand (Typical Day),4695.714285714285,4653.566666666667
168,2011-06-17,Summer,2011,6,0,5,1,Clear/Partly Cloudy,0.649167,0.600383,0.735833,0.143029,863,3981,4844,Medium Demand (Typical Day),4732.571428571428,4686.533333333334
169,2011-06-18,Summer,2011,6,0,6,0,Clear/Partly Cloudy,0.696667,0.643954,0.670417,0.119408,1807,3312,5119,Medium Demand (Typical Day),4754.428571428572,4704.666666666667
170,2011-06-19,Summer,2011,6,0,0,0,Misty/Cloudy,0.699167,0.645846,0.666667,0.102,1639,3105,4744,Medium Demand (Typical Day),4795.0,4698.9
171,2011-06-20,Summer,2011,6,0,1,1,Misty/Cloudy,0.635,0.595346,0.74625,0.155475,699,3311,4010,Medium Demand (Typical Day),4650.714285714285,4639.066666666667
172,2011-06-21,Fall,2011,6,0,2,1,Misty/Cloudy,0.680833,0.637646,0.770417,0.171025,774,4061,4835,Medium Demand (Typical Day),4642.714285714285,4644.9
173,2011-06-22,Fall,2011,6,0,3,1,Clear/Partly Cloudy,0.733333,0.693829,0.7075,0.172262,661,3846,4507,Medium Demand (Typical Day),4546.571428571428,4652.666666666667
174,2011-06-23,Fall,2011,6,0,4,1,Misty/Cloudy,0.728333,0.693833,0.703333,0.238804,746,4044,4790,Medium Demand (Typical Day),4692.714285714285,4662.6
175,2011-06-24,Fall,2011,6,0,5,1,Clear/Partly Cloudy,0.724167,0.656583,0.573333,0.222025,969,4022,4991,Medium Demand (Typical Day),4713.714285714285,4663.033333333334
176,2011-06-25,Fall,2011,6,0,6,0,Clear/Partly Cloudy,0.695,0.643313,0.483333,0.209571,1782,3420,5202,Medium Demand (Typical Day),4725.571428571428,4680.533333333334
177,2011-06-26,Fall,2011,6,0,0,0,Clear/Partly Cloudy,0.68,0.637629,0.513333,0.0945333,1920,3385,5305,Medium Demand (Typical Day),4805.714285714285,4701.4
178,2011-06-27,Fall,2011,6,0,1,1,Misty/Cloudy,0.6825,0.637004,0.658333,0.107588,854,3854,4708,Medium Demand (Typical Day),4905.428571428572,4699.733333333334
179,2011-06-28,Fall,2011,6,0,2,1,Clear/Partly Cloudy,0.744167,0.692558,0.634167,0.144283,732,3916,4648,Medium Demand (Typical Day),4878.714285714285,4695.066666666667
180,2011-06-29,Fall,2011,6,0,3,1,Clear/Partly Cloudy,0.728333,0.654688,0.497917,0.261821,848,4377,5225,Medium Demand (Typical Day),4981.285714285715,4732.633333333333
181,2011-06-30,Fall,2011,6,0,4,1,Clear/Partly Cloudy,0.696667,0.637008,0.434167,0.185312,1027,4488,5515,Medium Demand (Typical Day),5084.857142857143,4783.733333333334
182,2011-07-01,Fall,2011,7,0,5,1,Clear/Partly Cloudy,0.7225,0.652162,0.39625,0.102608,1246,4116,5362,Medium Demand (Typical Day),5137.857142857143,4830.0
183,2011-07-02,Fall,2011,7,0,6,0,Clear/Partly Cloudy,0.738333,0.667308,0.444583,0.115062,2204,2915,5119,Medium Demand (Typical Day),5126.0,4835.033333333334
184,2011-07-03,Fall,2011,7,0,0,0,Misty/Cloudy,0.716667,0.668575,0.6825,0.228858,2282,2367,4649,Medium Demand (Typical Day),5032.285714285715,4812.933333333333
185,2011-07-04,Fall,2011,7,1,1,0,Misty/Cloudy,0.726667,0.665417,0.637917,0.0814792,3065,2978,6043,High Demand (Peak Day),5223.0,4836.3
186,2011-07-05,Fall,2011,7,0,2,1,Clear/Partly Cloudy,0.746667,0.696338,0.590417,0.126258,1031,3634,4665,Medium Demand (Typical Day),5225.428571428572,4828.266666666666
187,2011-07-06,Fall,2011,7,0,3,1,Clear/Partly Cloudy,0.72,0.685633,0.743333,0.149883,784,3845,4629,Medium Demand (Typical Day),5140.285714285715,4830.966666666666
188,2011-07-07,Fall,2011,7,0,4,1,Clear/Partly Cloudy,0.75,0.686871,0.65125,0.1592,754,3838,4592,Medium Demand (Typical Day),5008.428571428572,4822.933333333333
189,2011-07-08,Fall,2011,7,0,5,1,Misty/Cloudy,0.709167,0.670483,0.757917,0.225129,692,3348,4040,Medium Demand (Typical Day),4819.571428571428,4810.9
190,2011-07-09,Fall,2011,7,0,6,0,Clear/Partly Cloudy,0.733333,0.664158,0.609167,0.167912,1988,3348,5336,Medium Demand (Typical Day),4850.571428571428,4858.266666666666
191,2011-07-10,Fall,2011,7,0,0,0,Clear/Partly Cloudy,0.7475,0.690025,0.578333,0.183471,1743,3138,4881,Medium Demand (Typical Day),4883.714285714285,4868.1
192,2011-07-11,Fall,2011,7,0,1,1,Clear/Partly Cloudy,0.7625,0.729804,0.635833,0.282337,723,3363,4086,Medium Demand (Typical Day),4604.142857142857,4838.766666666666
193,2011-07-12,Fall,2011,7,0,2,1,Clear/Partly Cloudy,0.794167,0.739275,0.559167,0.200254,662,3596,4258,Medium Demand (Typical Day),4546.0,4832.033333333334
194,2011-07-13,Fall,2011,7,0,3,1,Clear/Partly Cloudy,0.746667,0.689404,0.631667,0.146133,748,3594,4342,Medium Demand (Typical Day),4505.0,4809.433333333333
195,2011-07-14,Fall,2011,7,0,4,1,Clear/Partly Cloudy,0.680833,0.635104,0.47625,0.240667,888,4196,5084,Medium Demand (Typical Day),4575.285714285715,4815.866666666667
196,2011-07-15,Fall,2011,7,0,5,1,Clear/Partly Cloudy,0.663333,0.624371,0.59125,0.182833,1318,4220,5538,Medium Demand (Typical Day),4789.285714285715,4827.8
197,2011-07-16,Fall,2011,7,0,6,0,Clear/Partly Cloudy,0.686667,0.638263,0.585,0.208342,2418,3505,5923,Medium Demand (Typical Day),4873.142857142857,4899.666666666667
198,2011-07-17,Fall,2011,7,0,0,0,Clear/Partly Cloudy,0.719167,0.669833,0.604167,0.245033,2006,3296,5302,Medium Demand (Typical Day),4933.285714285715,4914.933333333333
199,2011-07-18,Fall,2011,7,0,1,1,Clear/Partly Cloudy,0.746667,0.703925,0.65125,0.215804,841,3617,4458,Medium Demand (Typical Day),4986.428571428572,4892.9
200,2011-07-19,Fall,2011,7,0,2,1,Clear/Partly Cloudy,0.776667,0.747479,0.650417,0.1306,752,3789,4541,Medium Demand (Typical Day),5026.857142857143,4886.133333333333
201,2011-07-20,Fall,2011,7,0,3,1,Clear/Partly Cloudy,0.768333,0.74685,0.707083,0.113817,644,3688,4332,Medium Demand (Typical Day),5025.428571428572,4896.866666666667
202,2011-07-21,Fall,2011,7,0,4,1,Misty/Cloudy,0.815,0.826371,0.69125,0.222021,632,3152,3784,Medium Demand (Typical Day),4839.714285714285,4861.833333333333
203,2011-07-22,Fall,2011,7,0,5,1,Clear/Partly Cloudy,0.848333,0.840896,0.580417,0.1331,562,2825,3387,Medium Demand (Typical Day),4532.428571428572,4824.5
204,2011-07-23,Fall,2011,7,0,6,0,Clear/Partly Cloudy,0.849167,0.804287,0.5,0.131221,987,2298,3285,Medium Demand (Typical Day),4155.571428571428,4774.333333333333
205,2011-07-24,Fall,2011,7,0,0,0,Clear/Partly Cloudy,0.83,0.794829,0.550833,0.169171,1050,2556,3606,Medium Demand (Typical Day),3913.285714285714,4728.166666666667
206,2011-07-25,Fall,2011,7,0,1,1,Clear/Partly Cloudy,0.743333,0.720958,0.757083,0.0908083,568,3272,3840,Medium Demand (Typical Day),3825.0,4682.766666666666
207,2011-07-26,Fall,2011,7,0,2,1,Clear/Partly Cloudy,0.771667,0.696979,0.540833,0.200258,750,3840,4590,Medium Demand (Typical Day),3832.0,4658.933333333333
208,2011-07-27,Fall,2011,7,0,3,1,Clear/Partly Cloudy,0.775,0.690667,0.402917,0.183463,755,3901,4656,Medium Demand (Typical Day),3878.285714285714,4657.2
209,2011-07-28,Fall,2011,7,0,4,1,Clear/Partly Cloudy,0.779167,0.7399,0.583333,0.178479,606,3784,4390,Medium Demand (Typical Day),3964.8571428571427,4648.6
210,2011-07-29,Fall,2011,7,0,5,1,Clear/Partly Cloudy,0.838333,0.785967,0.5425,0.174138,670,3176,3846,Medium Demand (Typical Day),4030.4285714285716,4602.633333333333
211,2011-07-30,Fall,2011,7,0,6,0,Clear/Partly Cloudy,0.804167,0.728537,0.465833,0.168537,1559,2916,4475,Medium Demand (Typical Day),4200.428571428572,4567.966666666666
212,2011-07-31,Fall,2011,7,0,0,0,Clear/Partly Cloudy,0.805833,0.729796,0.480833,0.164813,1524,2778,4302,Medium Demand (Typical Day),4299.857142857143,4532.633333333333
213,2011-08-01,Fall,2011,8,0,1,1,Clear/Partly Cloudy,0.771667,0.703292,0.550833,0.156717,729,3537,4266,Medium Demand (Typical Day),4360.714285714285,4504.2
214,2011-08-02,Fall,2011,8,0,2,1,Clear/Partly Cloudy,0.783333,0.707071,0.49125,0.20585,801,4044,4845,Medium Demand (Typical Day),4397.142857142857,4510.733333333334
215,2011-08-03,Fall,2011,8,0,3,1,Misty/Cloudy,0.731667,0.679937,0.6575,0.135583,467,3107,3574,Medium Demand (Typical Day),4242.571428571428,4428.433333333333
216,2011-08-04,Fall,2011,8,0,4,1,Misty/Cloudy,0.71,0.664788,0.7575,0.19715,799,3777,4576,Medium Demand (Typical Day),4269.142857142857,4425.466666666666
217,2011-08-05,Fall,2011,8,0,5,1,Clear/Partly Cloudy,0.710833,0.656567,0.630833,0.184696,1023,3843,4866,Medium Demand (Typical Day),4414.857142857143,4433.366666666667
218,2011-08-06,Fall,2011,8,0,6,0,Misty/Cloudy,0.716667,0.676154,0.755,0.22825,1521,2773,4294,Medium Demand (Typical Day),4389.0,4423.433333333333
219,2011-08-07,Fall,2011,8,0,0,0,Clear/Partly Cloudy,0.7425,0.715292,0.752917,0.201487,1298,2487,3785,Medium Demand (Typical Day),4315.142857142857,4414.933333333333
220,2011-08-08,Fall,2011,8,0,1,1,Clear/Partly Cloudy,0.765,0.703283,0.592083,0.192175,846,3480,4326,Medium Demand (Typical Day),4323.714285714285,4381.266666666666
221,2011-08-09,Fall,2011,8,0,2,1,Clear/Partly Cloudy,0.775,0.724121,0.570417,0.151121,907,3695,4602,Medium Demand (Typical Day),4289.0,4371.966666666666
222,2011-08-10,Fall,2011,8,0,3,1,Clear/Partly Cloudy,0.766667,0.684983,0.424167,0.200258,884,3896,4780,Medium Demand (Typical Day),4461.285714285715,4395.1
223,2011-08-11,Fall,2011,8,0,4,1,Clear/Partly Cloudy,0.7175,0.651521,0.42375,0.164796,812,3980,4792,Medium Demand (Typical Day),4492.142857142857,4412.9
224,2011-08-12,Fall,2011,8,0,5,1,Clear/Partly Cloudy,0.708333,0.654042,0.415,0.125621,1051,3854,4905,Medium Demand (Typical Day),4497.714285714285,4431.666666666667
225,2011-08-13,Fall,2011,8,0,6,0,Misty/Cloudy,0.685833,0.645858,0.729583,0.211454,1504,2646,4150,Medium Demand (Typical Day),4477.142857142857,4400.533333333334
226,2011-08-14,Fall,2011,8,0,0,0,Misty/Cloudy,0.676667,0.624388,0.8175,0.222633,1338,2482,3820,Medium Demand (Typical Day),4482.142857142857,4343.266666666666
227,2011-08-15,Fall,2011,8,0,1,1,Clear/Partly Cloudy,0.665833,0.616167,0.712083,0.208954,775,3563,4338,Medium Demand (Typical Day),4483.857142857143,4290.433333333333
228,2011-08-16,Fall,2011,8,0,2,1,Clear/Partly Cloudy,0.700833,0.645837,0.578333,0.236329,721,4004,4725,Medium Demand (Typical Day),4501.428571428572,4271.2
229,2011-08-17,Fall,2011,8,0,3,1,Clear/Partly Cloudy,0.723333,0.666671,0.575417,0.143667,668,4026,4694,Medium Demand (Typical Day),4489.142857142857,4279.066666666667
230,2011-08-18,Fall,2011,8,0,4,1,Clear/Partly Cloudy,0.711667,0.662258,0.654583,0.233208,639,3166,3805,Medium Demand (Typical Day),4348.142857142857,4254.533333333334
231,2011-08-19,Fall,2011,8,0,5,1,Misty/Cloudy,0.685,0.633221,0.722917,0.139308,797,3356,4153,Medium Demand (Typical Day),4240.714285714285,4248.566666666667
232,2011-08-20,Fall,2011,8,0,6,0,Clear/Partly Cloudy,0.6975,0.648996,0.674167,0.104467,1914,3277,5191,Medium Demand (Typical Day),4389.428571428572,4295.466666666666
233,2011-08-21,Fall,2011,8,0,0,0,Clear/Partly Cloudy,0.710833,0.675525,0.77,0.248754,1249,2624,3873,Medium Demand (Typical Day),4397.0,4311.666666666667
234,2011-08-22,Fall,2011,8,0,1,1,Clear/Partly Cloudy,0.691667,0.638254,0.47,0.27675,833,3925,4758,Medium Demand (Typical Day),4457.0,4360.766666666666
235,2011-08-23,Fall,2011,8,0,2,1,Clear/Partly Cloudy,0.640833,0.606067,0.455417,0.146763,1281,4614,5895,Medium Demand (Typical Day),4624.142857142857,4437.066666666667
236,2011-08-24,Fall,2011,8,0,3,1,Clear/Partly Cloudy,0.673333,0.630692,0.605,0.253108,949,4181,5130,Medium Demand (Typical Day),4686.428571428572,4480.066666666667
237,2011-08-25,Fall,2011,8,0,4,1,Misty/Cloudy,0.684167,0.645854,0.771667,0.210833,435,3107,3542,Medium Demand (Typical Day),4648.857142857143,4445.133333333333
238,2011-08-26,Fall,2011,8,0,5,1,Clear/Partly Cloudy,0.7,0.659733,0.76125,0.0839625,768,3893,4661,Medium Demand (Typical Day),4721.428571428572,4445.3
239,2011-08-27,Fall,2011,8,0,6,0,Misty/Cloudy,0.68,0.635556,0.85,0.375617,226,889,1115,Low Demand (Quiet Day),4139.142857142857,4336.133333333333
240,2011-08-28,Fall,2011,8,0,0,0,Clear/Partly Cloudy,0.707059,0.647959,0.561765,0.304659,1415,2919,4334,Medium Demand (Typical Day),4205.0,4352.4
241,2011-08-29,Fall,2011,8,0,1,1,Clear/Partly Cloudy,0.636667,0.607958,0.554583,0.159825,729,3905,4634,Medium Demand (Typical Day),4187.285714285715,4357.7
242,2011-08-30,Fall,2011,8,0,2,1,Clear/Partly Cloudy,0.639167,0.594704,0.548333,0.125008,775,4429,5204,Medium Demand (Typical Day),4088.5714285714284,4387.766666666666
243,2011-08-31,Fall,2011,8,0,3,1,Clear/Partly Cloudy,0.656667,0.611121,0.597917,0.0833333,688,4370,5058,Medium Demand (Typical Day),4078.285714285714,4414.166666666667
244,2011-09-01,Fall,2011,9,0,4,1,Clear/Partly Cloudy,0.655,0.614921,0.639167,0.141796,783,4332,5115,Medium Demand (Typical Day),4303.0,4423.166666666667
245,2011-09-02,Fall,2011,9,0,5,1,Misty/Cloudy,0.643333,0.604808,0.727083,0.139929,875,3852,4727,Medium Demand (Typical Day),4312.428571428572,4461.6
246,2011-09-03,Fall,2011,9,0,6,0,Clear/Partly Cloudy,0.669167,0.633213,0.716667,0.185325,1935,2549,4484,Medium Demand (Typical Day),4793.714285714285,4458.533333333334
247,2011-09-04,Fall,2011,9,0,0,0,Clear/Partly Cloudy,0.709167,0.665429,0.742083,0.206467,2521,2419,4940,Medium Demand (Typical Day),4880.285714285715,4461.0
248,2011-09-05,Fall,2011,9,1,1,0,Misty/Cloudy,0.673333,0.625646,0.790417,0.212696,1236,2115,3351,Medium Demand (Typical Day),4697.0,4429.566666666667
249,2011-09-06,Fall,2011,9,0,2,1,Light Snow/Rain,0.54,0.5152,0.886957,0.343943,204,2506,2710,Low Demand (Quiet Day),4340.714285714285,4393.733333333334
250,2011-09-07,Fall,2011,9,0,3,1,Light Snow/Rain,0.599167,0.544229,0.917083,0.0970208,118,1878,1996,Low Demand (Quiet Day),3903.285714285714,4316.066666666667
251,2011-09-08,Fall,2011,9,0,4,1,Light Snow/Rain,0.633913,0.555361,0.939565,0.192748,153,1689,1842,Low Demand (Quiet Day),3435.714285714286,4224.066666666667
252,2011-09-09,Fall,2011,9,0,5,1,Misty/Cloudy,0.65,0.578946,0.897917,0.124379,417,3127,3544,Medium Demand (Typical Day),3266.714285714286,4182.866666666667
253,2011-09-10,Fall,2011,9,0,6,0,Clear/Partly Cloudy,0.66,0.607962,0.75375,0.153608,1750,3595,5345,Medium Demand (Typical Day),3389.714285714286,4201.3
254,2011-09-11,Fall,2011,9,0,0,0,Clear/Partly Cloudy,0.653333,0.609229,0.71375,0.115054,1633,3413,5046,Medium Demand (Typical Day),3404.8571428571427,4206.0
255,2011-09-12,Fall,2011,9,0,1,1,Clear/Partly Cloudy,0.644348,0.60213,0.692174,0.088913,690,4023,4713,Medium Demand (Typical Day),3599.4285714285716,4224.766666666666
256,2011-09-13,Fall,2011,9,0,2,1,Clear/Partly Cloudy,0.650833,0.603554,0.7125,0.141804,701,4062,4763,Medium Demand (Typical Day),3892.714285714286,4256.2
257,2011-09-14,Fall,2011,9,0,3,1,Clear/Partly Cloudy,0.673333,0.6269,0.697083,0.1673,647,4138,4785,Medium Demand (Typical Day),4291.142857142857,4271.1
258,2011-09-15,Fall,2011,9,0,4,1,Misty/Cloudy,0.5775,0.553671,0.709167,0.271146,428,3231,3659,Medium Demand (Typical Day),4550.714285714285,4235.566666666667
259,2011-09-16,Fall,2011,9,0,5,1,Misty/Cloudy,0.469167,0.461475,0.590417,0.164183,742,4018,4760,Medium Demand (Typical Day),4724.428571428572,4237.766666666666
260,2011-09-17,Fall,2011,9,0,6,0,Misty/Cloudy,0.491667,0.478512,0.718333,0.189675,1434,3077,4511,Medium Demand (Typical Day),4605.285714285715,4261.3
261,2011-09-18,Fall,2011,9,0,0,0,Clear/Partly Cloudy,0.5075,0.490537,0.695,0.178483,1353,2921,4274,Medium Demand (Typical Day),4495.0,4265.333333333333
262,2011-09-19,Fall,2011,9,0,1,1,Misty/Cloudy,0.549167,0.529675,0.69,0.151742,691,3848,4539,Medium Demand (Typical Day),4470.142857142857,4243.6
263,2011-09-20,Fall,2011,9,0,2,1,Misty/Cloudy,0.561667,0.532217,0.88125,0.134954,438,3203,3641,Medium Demand (Typical Day),4309.857142857143,4235.866666666667
264,2011-09-21,Fall,2011,9,0,3,1,Misty/Cloudy,0.595,0.550533,0.9,0.0964042,539,3813,4352,Medium Demand (Typical Day),4248.0,4222.333333333333
265,2011-09-22,Fall,2011,9,0,4,1,Misty/Cloudy,0.628333,0.554963,0.902083,0.128125,555,4240,4795,Medium Demand (Typical Day),4410.285714285715,4185.666666666667
266,2011-09-23,Winter,2011,9,0,5,1,Misty/Cloudy,0.609167,0.522125,0.9725,0.0783667,258,2137,2395,Low Demand (Quiet Day),4072.4285714285716,4094.5
267,2011-09-24,Winter,2011,9,0,6,0,Misty/Cloudy,0.606667,0.564412,0.8625,0.0783833,1776,3647,5423,Medium Demand (Typical Day),4202.714285714285,4157.2
268,2011-09-25,Winter,2011,9,0,0,0,Misty/Cloudy,0.634167,0.572637,0.845,0.0503792,1544,3466,5010,Medium Demand (Typical Day),4307.857142857143,4168.833333333333
269,2011-09-26,Winter,2011,9,0,1,1,Misty/Cloudy,0.649167,0.589042,0.848333,0.1107,684,3946,4630,Medium Demand (Typical Day),4320.857142857143,4286.0
270,2011-09-27,Winter,2011,9,0,2,1,Misty/Cloudy,0.636667,0.574525,0.885417,0.118171,477,3643,4120,Medium Demand (Typical Day),4389.285714285715,4278.866666666667
271,2011-09-28,Winter,2011,9,0,3,1,Misty/Cloudy,0.635,0.575158,0.84875,0.148629,480,3427,3907,Medium Demand (Typical Day),4325.714285714285,4254.633333333333
272,2011-09-29,Winter,2011,9,0,4,1,Clear/Partly Cloudy,0.616667,0.574512,0.699167,0.172883,653,4186,4839,Medium Demand (Typical Day),4332.0,4242.466666666666
273,2011-09-30,Winter,2011,9,0,5,1,Clear/Partly Cloudy,0.564167,0.544829,0.6475,0.206475,830,4372,5202,Medium Demand (Typical Day),4733.0,4247.266666666666
274,2011-10-01,Winter,2011,10,0,6,0,Misty/Cloudy,0.41,0.412863,0.75375,0.292296,480,1949,2429,Low Demand (Quiet Day),4305.285714285715,4157.733333333334
275,2011-10-02,Winter,2011,10,0,0,0,Misty/Cloudy,0.356667,0.345317,0.791667,0.222013,616,2302,2918,Low Demand (Quiet Day),4006.4285714285716,4097.433333333333
276,2011-10-03,Winter,2011,10,0,1,1,Misty/Cloudy,0.384167,0.392046,0.760833,0.0833458,330,3240,3570,Medium Demand (Typical Day),3855.0,4066.9666666666667
277,2011-10-04,Winter,2011,10,0,2,1,Clear/Partly Cloudy,0.484167,0.472858,0.71,0.205854,486,3970,4456,Medium Demand (Typical Day),3903.0,4050.8333333333335
278,2011-10-05,Winter,2011,10,0,3,1,Clear/Partly Cloudy,0.538333,0.527138,0.647917,0.17725,559,4267,4826,Medium Demand (Typical Day),4034.285714285714,4100.0
279,2011-10-06,Winter,2011,10,0,4,1,Clear/Partly Cloudy,0.494167,0.480425,0.620833,0.134954,639,4126,4765,Medium Demand (Typical Day),4023.714285714286,4168.5
280,2011-10-07,Winter,2011,10,0,5,1,Clear/Partly Cloudy,0.510833,0.504404,0.684167,0.0223917,949,4036,4985,Medium Demand (Typical Day),3992.714285714286,4268.133333333333
281,2011-10-08,Winter,2011,10,0,6,0,Clear/Partly Cloudy,0.521667,0.513242,0.70125,0.0454042,2235,3174,5409,Medium Demand (Typical Day),4418.428571428572,4387.033333333334
282,2011-10-09,Winter,2011,10,0,0,0,Clear/Partly Cloudy,0.540833,0.523983,0.7275,0.06345,2397,3114,5511,Medium Demand (Typical Day),4788.857142857143,4452.6
283,2011-10-10,Winter,2011,10,1,1,0,Clear/Partly Cloudy,0.570833,0.542925,0.73375,0.0423042,1514,3603,5117,Medium Demand (Typical Day),5009.857142857143,4445.0
284,2011-10-11,Winter,2011,10,0,2,1,Misty/Cloudy,0.566667,0.546096,0.80875,0.143042,667,3896,4563,Medium Demand (Typical Day),5025.142857142857,4428.9
285,2011-10-12,Winter,2011,10,0,3,1,Light Snow/Rain,0.543333,0.517717,0.90625,0.24815,217,2199,2416,Low Demand (Quiet Day),4680.857142857143,4352.333333333333
286,2011-10-13,Winter,2011,10,0,4,1,Misty/Cloudy,0.589167,0.551804,0.896667,0.141787,290,2623,2913,Low Demand (Quiet Day),4416.285714285715,4290.666666666667
287,2011-10-14,Winter,2011,10,0,5,1,Misty/Cloudy,0.550833,0.529675,0.71625,0.223883,529,3115,3644,Medium Demand (Typical Day),4224.714285714285,4252.633333333333
288,2011-10-15,Winter,2011,10,0,6,0,Clear/Partly Cloudy,0.506667,0.498725,0.483333,0.258083,1899,3318,5217,Medium Demand (Typical Day),4197.285714285715,4304.566666666667
289,2011-10-16,Winter,2011,10,0,0,0,Clear/Partly Cloudy,0.511667,0.503154,0.486667,0.281717,1748,3293,5041,Medium Demand (Typical Day),4130.142857142857,4313.933333333333
290,2011-10-17,Winter,2011,10,0,1,1,Clear/Partly Cloudy,0.534167,0.510725,0.579583,0.175379,713,3857,4570,Medium Demand (Typical Day),4052.0,4315.9
291,2011-10-18,Winter,2011,10,0,2,1,Misty/Cloudy,0.5325,0.522721,0.701667,0.110087,637,4111,4748,Medium Demand (Typical Day),4078.4285714285716,4331.7
292,2011-10-19,Winter,2011,10,0,3,1,Light Snow/Rain,0.541739,0.513848,0.895217,0.243339,254,2170,2424,Low Demand (Quiet Day),4079.5714285714284,4261.2
293,2011-10-20,Winter,2011,10,0,4,1,Clear/Partly Cloudy,0.475833,0.466525,0.63625,0.422275,471,3724,4195,Medium Demand (Typical Day),4262.714285714285,4279.666666666667
294,2011-10-21,Winter,2011,10,0,5,1,Clear/Partly Cloudy,0.4275,0.423596,0.574167,0.221396,676,3628,4304,Medium Demand (Typical Day),4357.0,4278.066666666667
295,2011-10-22,Winter,2011,10,0,6,0,Clear/Partly Cloudy,0.4225,0.425492,0.629167,0.0926667,1499,2809,4308,Medium Demand (Typical Day),4227.142857142857,4261.833333333333
296,2011-10-23,Winter,2011,10,0,0,0,Clear/Partly Cloudy,0.421667,0.422333,0.74125,0.0995125,1619,2762,4381,Medium Demand (Typical Day),4132.857142857143,4328.033333333334
297,2011-10-24,Winter,2011,10,0,1,1,Clear/Partly Cloudy,0.463333,0.457067,0.772083,0.118792,699,3488,4187,Medium Demand (Typical Day),4078.1428571428573,4286.833333333333
298,2011-10-25,Winter,2011,10,0,2,1,Clear/Partly Cloudy,0.471667,0.463375,0.622917,0.166658,695,3992,4687,Medium Demand (Typical Day),4069.4285714285716,4276.066666666667
299,2011-10-26,Winter,2011,10,0,3,1,Misty/Cloudy,0.484167,0.472846,0.720417,0.148642,404,3490,3894,Medium Demand (Typical Day),4279.428571428572,4251.533333333334
300,2011-10-27,Winter,2011,10,0,4,1,Misty/Cloudy,0.47,0.457046,0.812917,0.197763,240,2419,2659,Low Demand (Quiet Day),4060.0,4202.833333333333
301,2011-10-28,Winter,2011,10,0,5,1,Misty/Cloudy,0.330833,0.318812,0.585833,0.229479,456,3291,3747,Medium Demand (Typical Day),3980.4285714285716,4197.5
302,2011-10-29,Winter,2011,10,0,6,0,Light Snow/Rain,0.254167,0.227913,0.8825,0.351371,57,570,627,Low Demand (Quiet Day),3454.5714285714284,4057.1
303,2011-10-30,Winter,2011,10,0,0,0,Clear/Partly Cloudy,0.319167,0.321329,0.62375,0.176617,885,2446,3331,Medium Demand (Typical Day),3304.5714285714284,3994.733333333333
304,2011-10-31,Winter,2011,10,0,1,1,Clear/Partly Cloudy,0.34,0.356063,0.703333,0.10635,362,3307,3669,Medium Demand (Typical Day),3230.5714285714284,4036.0666666666666
305,2011-11-01,Winter,2011,11,0,2,1,Clear/Partly Cloudy,0.400833,0.397088,0.68375,0.135571,410,3658,4068,Medium Demand (Typical Day),3142.1428571428573,4074.4
306,2011-11-02,Winter,2011,11,0,3,1,Clear/Partly Cloudy,0.3775,0.390133,0.71875,0.0820917,370,3816,4186,Medium Demand (Typical Day),3183.8571428571427,4094.9333333333334
307,2011-11-03,Winter,2011,11,0,4,1,Clear/Partly Cloudy,0.408333,0.405921,0.702083,0.136817,318,3656,3974,Medium Demand (Typical Day),3371.714285714286,4078.866666666667
308,2011-11-04,Winter,2011,11,0,5,1,Misty/Cloudy,0.403333,0.403392,0.6225,0.271779,470,3576,4046,Medium Demand (Typical Day),3414.4285714285716,4052.866666666667
309,2011-11-05,Winter,2011,11,0,6,0,Clear/Partly Cloudy,0.326667,0.323854,0.519167,0.189062,1156,2770,3926,Medium Demand (Typical Day),3885.714285714286,4024.9
310,2011-11-06,Winter,2011,11,0,0,0,Clear/Partly Cloudy,0.348333,0.362358,0.734583,0.0920542,952,2697,3649,Medium Demand (Typical Day),3931.1428571428573,3980.366666666667
311,2011-11-07,Winter,2011,11,0,1,1,Clear/Partly Cloudy,0.395,0.400871,0.75875,0.057225,373,3662,4035,Medium Demand (Typical Day),3983.4285714285716,3934.5666666666666
312,2011-11-08,Winter,2011,11,0,2,1,Clear/Partly Cloudy,0.408333,0.412246,0.721667,0.0690375,376,3829,4205,Medium Demand (Typical Day),4003.0,3891.0333333333333
313,2011-11-09,Winter,2011,11,0,3,1,Clear/Partly Cloudy,0.4,0.409079,0.758333,0.0621958,305,3804,4109,Medium Demand (Typical Day),3992.0,3857.4333333333334
314,2011-11-10,Winter,2011,11,0,4,1,Misty/Cloudy,0.38,0.373721,0.813333,0.189067,190,2743,2933,Low Demand (Quiet Day),3843.285714285714,3803.1
315,2011-11-11,Winter,2011,11,1,5,0,Clear/Partly Cloudy,0.324167,0.306817,0.44625,0.314675,440,2928,3368,Medium Demand (Typical Day),3746.4285714285716,3834.8333333333335
316,2011-11-12,Winter,2011,11,0,6,0,Clear/Partly Cloudy,0.356667,0.357942,0.552917,0.212062,1275,2792,4067,Medium Demand (Typical Day),3766.5714285714284,3873.3
317,2011-11-13,Winter,2011,11,0,0,0,Clear/Partly Cloudy,0.440833,0.43055,0.458333,0.281721,1004,2713,3717,Medium Demand (Typical Day),3776.285714285714,3875.733333333333
318,2011-11-14,Winter,2011,11,0,1,1,Clear/Partly Cloudy,0.53,0.524612,0.587083,0.306596,595,3891,4486,Medium Demand (Typical Day),3840.714285714286,3851.366666666667
319,2011-11-15,Winter,2011,11,0,2,1,Misty/Cloudy,0.53,0.507579,0.68875,0.199633,449,3746,4195,Medium Demand (Typical Day),3839.285714285714,3823.1666666666665
320,2011-11-16,Winter,2011,11,0,3,1,Light Snow/Rain,0.456667,0.451988,0.93,0.136829,145,1672,1817,Low Demand (Quiet Day),3511.8571428571427,3731.4
321,2011-11-17,Winter,2011,11,0,4,1,Misty/Cloudy,0.341667,0.323221,0.575833,0.305362,139,2914,3053,Low Demand (Quiet Day),3529.0,3674.9
322,2011-11-18,Winter,2011,11,0,5,1,Clear/Partly Cloudy,0.274167,0.272721,0.41,0.168533,245,3147,3392,Medium Demand (Typical Day),3532.4285714285716,3707.1666666666665
323,2011-11-19,Winter,2011,11,0,6,0,Clear/Partly Cloudy,0.329167,0.324483,0.502083,0.224496,943,2720,3663,Medium Demand (Typical Day),3474.714285714286,3689.4333333333334
324,2011-11-20,Winter,2011,11,0,0,0,Misty/Cloudy,0.463333,0.457058,0.684583,0.18595,787,2733,3520,Medium Demand (Typical Day),3446.5714285714284,3663.3
325,2011-11-21,Winter,2011,11,0,1,1,Light Snow/Rain,0.4475,0.445062,0.91,0.138054,220,2545,2765,Low Demand (Quiet Day),3200.714285714286,3611.866666666667
326,2011-11-22,Winter,2011,11,0,2,1,Light Snow/Rain,0.416667,0.421696,0.9625,0.118792,69,1538,1607,Low Demand (Quiet Day),2831.0,3519.4
327,2011-11-23,Winter,2011,11,0,3,1,Misty/Cloudy,0.440833,0.430537,0.757917,0.335825,112,2454,2566,Low Demand (Quiet Day),2938.0,3465.366666666667
328,2011-11-24,Winter,2011,11,1,4,0,Clear/Partly Cloudy,0.373333,0.372471,0.549167,0.167304,560,935,1495,Low Demand (Quiet Day),2715.4285714285716,3358.9666666666667
329,2011-11-25,Winter,2011,11,0,5,1,Clear/Partly Cloudy,0.375,0.380671,0.64375,0.0988958,1095,1697,2792,Low Demand (Quiet Day),2629.714285714286,3322.233333333333
330,2011-11-26,Winter,2011,11,0,6,0,Clear/Partly Cloudy,0.375833,0.385087,0.681667,0.0684208,1249,1819,3068,Low Demand (Quiet Day),2544.714285714286,3335.866666666667
331,2011-11-27,Winter,2011,11,0,0,0,Clear/Partly Cloudy,0.459167,0.4558,0.698333,0.208954,810,2261,3071,Low Demand (Quiet Day),2480.5714285714284,3313.3333333333335
332,2011-11-28,Winter,2011,11,0,1,1,Clear/Partly Cloudy,0.503478,0.490122,0.743043,0.142122,253,3614,3867,Medium Demand (Typical Day),2638.0,3421.3333333333335
333,2011-11-29,Winter,2011,11,0,2,1,Misty/Cloudy,0.458333,0.451375,0.830833,0.258092,96,2818,2914,Low Demand (Quiet Day),2824.714285714286,3407.4333333333334
334,2011-11-30,Winter,2011,11,0,3,1,Clear/Partly Cloudy,0.325,0.311221,0.613333,0.271158,188,3425,3613,Medium Demand (Typical Day),2974.285714285714,3405.5666666666666
335,2011-12-01,Winter,2011,12,0,4,1,Clear/Partly Cloudy,0.3125,0.305554,0.524583,0.220158,182,3545,3727,Medium Demand (Typical Day),3293.1428571428573,3394.2
336,2011-12-02,Winter,2011,12,0,5,1,Clear/Partly Cloudy,0.314167,0.331433,0.625833,0.100754,268,3672,3940,Medium Demand (Typical Day),3457.1428571428573,3386.0
337,2011-12-03,Winter,2011,12,0,6,0,Clear/Partly Cloudy,0.299167,0.310604,0.612917,0.0957833,706,2908,3614,Medium Demand (Typical Day),3535.1428571428573,3374.0
338,2011-12-04,Winter,2011,12,0,0,0,Clear/Partly Cloudy,0.330833,0.3491,0.775833,0.0839583,634,2851,3485,Medium Demand (Typical Day),3594.285714285714,3355.3
339,2011-12-05,Winter,2011,12,0,1,1,Misty/Cloudy,0.385833,0.393925,0.827083,0.0622083,233,3578,3811,Medium Demand (Typical Day),3586.285714285714,3351.4666666666667
340,2011-12-06,Winter,2011,12,0,2,1,Light Snow/Rain,0.4625,0.4564,0.949583,0.232583,126,2468,2594,Low Demand (Quiet Day),3540.5714285714284,3316.3
341,2011-12-07,Winter,2011,12,0,3,1,Light Snow/Rain,0.41,0.400246,0.970417,0.266175,50,655,705,Low Demand (Quiet Day),3125.1428571428573,3205.3
342,2011-12-08,Winter,2011,12,0,4,1,Clear/Partly Cloudy,0.265833,0.256938,0.58,0.240058,150,3172,3322,Medium Demand (Typical Day),3067.285714285714,3175.866666666667
343,2011-12-09,Winter,2011,12,0,5,1,Clear/Partly Cloudy,0.290833,0.317542,0.695833,0.0827167,261,3359,3620,Medium Demand (Typical Day),3021.5714285714284,3159.5666666666666
344,2011-12-10,Winter,2011,12,0,6,0,Clear/Partly Cloudy,0.275,0.266412,0.5075,0.233221,502,2688,3190,Medium Demand (Typical Day),2961.0,3168.133333333333
345,2011-12-11,Winter,2011,12,0,0,0,Clear/Partly Cloudy,0.220833,0.253154,0.49,0.0665417,377,2366,2743,Low Demand (Quiet Day),2855.0,3147.3
346,2011-12-12,Winter,2011,12,0,1,1,Clear/Partly Cloudy,0.238333,0.270196,0.670833,0.06345,143,3167,3310,Medium Demand (Typical Day),2783.4285714285716,3122.0666666666666
347,2011-12-13,Winter,2011,12,0,2,1,Clear/Partly Cloudy,0.2825,0.301138,0.59,0.14055,155,3368,3523,Medium Demand (Typical Day),2916.1428571428573,3115.6
348,2011-12-14,Winter,2011,12,0,3,1,Misty/Cloudy,0.3175,0.338362,0.66375,0.0609583,178,3562,3740,Medium Demand (Typical Day),3349.714285714286,3090.733333333333
349,2011-12-15,Winter,2011,12,0,4,1,Misty/Cloudy,0.4225,0.412237,0.634167,0.268042,181,3528,3709,Medium Demand (Typical Day),3405.0,3074.5333333333333
350,2011-12-16,Winter,2011,12,0,5,1,Misty/Cloudy,0.375,0.359825,0.500417,0.260575,178,3399,3577,Medium Demand (Typical Day),3398.8571428571427,3133.2
351,2011-12-17,Winter,2011,12,0,6,0,Misty/Cloudy,0.258333,0.249371,0.560833,0.243167,275,2464,2739,Low Demand (Quiet Day),3334.4285714285716,3122.733333333333
352,2011-12-18,Winter,2011,12,0,0,0,Clear/Partly Cloudy,0.238333,0.245579,0.58625,0.169779,220,2211,2431,Low Demand (Quiet Day),3289.8571428571427,3090.7
353,2011-12-19,Winter,2011,12,0,1,1,Clear/Partly Cloudy,0.276667,0.280933,0.6375,0.172896,260,3143,3403,Medium Demand (Typical Day),3303.1428571428573,3082.0333333333333
354,2011-12-20,Winter,2011,12,0,2,1,Misty/Cloudy,0.385833,0.396454,0.595417,0.0615708,216,3534,3750,Medium Demand (Typical Day),3335.5714285714284,3089.7
355,2011-12-21,Spring,2011,12,0,3,1,Misty/Cloudy,0.428333,0.428017,0.858333,0.2214,107,2553,2660,Low Demand (Quiet Day),3181.285714285714,3086.2
356,2011-12-22,Spring,2011,12,0,4,1,Misty/Cloudy,0.423333,0.426121,0.7575,0.047275,227,2841,3068,Low Demand (Quiet Day),3089.714285714286,3134.9
357,2011-12-23,Spring,2011,12,0,5,1,Clear/Partly Cloudy,0.373333,0.377513,0.68625,0.274246,163,2046,2209,Low Demand (Quiet Day),2894.285714285714,3123.0
358,2011-12-24,Spring,2011,12,0,6,0,Clear/Partly Cloudy,0.3025,0.299242,0.5425,0.190304,155,856,1011,Low Demand (Quiet Day),2647.4285714285716,3106.866666666667
359,2011-12-25,Spring,2011,12,0,0,0,Clear/Partly Cloudy,0.274783,0.279961,0.681304,0.155091,303,451,754,Low Demand (Quiet Day),2407.8571428571427,3038.9333333333334
360,2011-12-26,Spring,2011,12,1,1,0,Clear/Partly Cloudy,0.321739,0.315535,0.506957,0.239465,430,887,1317,Low Demand (Quiet Day),2109.8571428571427,2980.5666666666666
361,2011-12-27,Spring,2011,12,0,2,1,Misty/Cloudy,0.325,0.327633,0.7625,0.18845,103,1059,1162,Low Demand (Quiet Day),1740.142857142857,2916.9333333333334
362,2011-12-28,Spring,2011,12,0,3,1,Clear/Partly Cloudy,0.29913,0.279974,0.503913,0.293961,255,2047,2302,Low Demand (Quiet Day),1689.0,2864.766666666667
363,2011-12-29,Spring,2011,12,0,4,1,Clear/Partly Cloudy,0.248333,0.263892,0.574167,0.119412,254,2169,2423,Low Demand (Quiet Day),1596.857142857143,2848.4
364,2011-12-30,Spring,2011,12,0,5,1,Clear/Partly Cloudy,0.311667,0.318812,0.636667,0.134337,491,2508,2999,Low Demand (Quiet Day),1709.7142857142858,2827.9333333333334
365,2011-12-31,Spring,2011,12,0,6,0,Clear/Partly Cloudy,0.41,0.414121,0.615833,0.220154,665,1820,2485,Low Demand (Quiet Day),1920.2857142857142,2786.5333333333333
366,2012-01-01,Spring,2012,1,0,0,0,Clear/Partly Cloudy,0.37,0.375621,0.6925,0.192167,686,1608,2294,Low Demand (Quiet Day),2140.285714285714,2731.6666666666665
367,2012-01-02,Spring,2012,1,1,1,0,Clear/Partly Cloudy,0.273043,0.252304,0.381304,0.329665,244,1707,1951,Low Demand (Quiet Day),2230.8571428571427,2676.233333333333
368,2012-01-03,Spring,2012,1,0,2,1,Clear/Partly Cloudy,0.15,0.126275,0.44125,0.365671,89,2147,2236,Low Demand (Quiet Day),2384.285714285714,2634.6
369,2012-01-04,Spring,2012,1,0,3,1,Misty/Cloudy,0.1075,0.119337,0.414583,0.1847,95,2273,2368,Low Demand (Quiet Day),2393.714285714286,2586.5
370,2012-01-05,Spring,2012,1,0,4,1,Clear/Partly Cloudy,0.265833,0.278412,0.524167,0.129987,140,3132,3272,Medium Demand (Typical Day),2515.0,2609.1
371,2012-01-06,Spring,2012,1,0,5,1,Clear/Partly Cloudy,0.334167,0.340267,0.542083,0.167908,307,3791,4098,Medium Demand (Typical Day),2672.0,2722.2
372,2012-01-07,Spring,2012,1,0,6,0,Clear/Partly Cloudy,0.393333,0.390779,0.531667,0.174758,1070,3451,4521,Medium Demand (Typical Day),2962.8571428571427,2762.1666666666665
373,2012-01-08,Spring,2012,1,0,0,0,Clear/Partly Cloudy,0.3375,0.340258,0.465,0.191542,599,2826,3425,Medium Demand (Typical Day),3124.4285714285716,2755.6666666666665
374,2012-01-09,Spring,2012,1,0,1,1,Misty/Cloudy,0.224167,0.247479,0.701667,0.0989,106,2270,2376,Low Demand (Quiet Day),3185.1428571428573,2728.5333333333333
375,2012-01-10,Spring,2012,1,0,2,1,Clear/Partly Cloudy,0.308696,0.318826,0.646522,0.187552,173,3425,3598,Medium Demand (Typical Day),3379.714285714286,2757.0333333333333
376,2012-01-11,Spring,2012,1,0,3,1,Misty/Cloudy,0.274167,0.282821,0.8475,0.131221,92,2085,2177,Low Demand (Quiet Day),3352.4285714285716,2719.266666666667
377,2012-01-12,Spring,2012,1,0,4,1,Misty/Cloudy,0.3825,0.381938,0.802917,0.180967,269,3828,4097,Medium Demand (Typical Day),3470.285714285714,2738.4
378,2012-01-13,Spring,2012,1,0,5,1,Clear/Partly Cloudy,0.274167,0.249362,0.5075,0.378108,174,3040,3214,Medium Demand (Typical Day),3344.0,2720.866666666667
379,2012-01-14,Spring,2012,1,0,6,0,Clear/Partly Cloudy,0.18,0.183087,0.4575,0.187183,333,2160,2493,Low Demand (Quiet Day),3054.285714285714,2680.3333333333335
380,2012-01-15,Spring,2012,1,0,0,0,Clear/Partly Cloudy,0.166667,0.161625,0.419167,0.251258,284,2027,2311,Low Demand (Quiet Day),2895.1428571428573,2638.133333333333
381,2012-01-16,Spring,2012,1,1,1,0,Clear/Partly Cloudy,0.19,0.190663,0.5225,0.231358,217,2081,2298,Low Demand (Quiet Day),2884.0,2623.4333333333334
382,2012-01-17,Spring,2012,1,0,2,1,Misty/Cloudy,0.373043,0.364278,0.716087,0.34913,127,2808,2935,Low Demand (Quiet Day),2789.285714285714,2640.233333333333
383,2012-01-18,Spring,2012,1,0,3,1,Clear/Partly Cloudy,0.303333,0.275254,0.443333,0.415429,109,3267,3376,Medium Demand (Typical Day),2960.5714285714284,2639.3333333333335
384,2012-01-19,Spring,2012,1,0,4,1,Clear/Partly Cloudy,0.19,0.190038,0.4975,0.220158,130,3162,3292,Medium Demand (Typical Day),2845.5714285714284,2624.0666666666666
385,2012-01-20,Spring,2012,1,0,5,1,Misty/Cloudy,0.2175,0.220958,0.45,0.20275,115,3048,3163,Medium Demand (Typical Day),2838.285714285714,2640.8333333333335
386,2012-01-21,Spring,2012,1,0,6,0,Misty/Cloudy,0.173333,0.174875,0.83125,0.222642,67,1234,1301,Low Demand (Quiet Day),2668.0,2581.9333333333334
387,2012-01-22,Spring,2012,1,0,0,0,Misty/Cloudy,0.1625,0.16225,0.79625,0.199638,196,1781,1977,Low Demand (Quiet Day),2620.285714285714,2574.2
388,2012-01-23,Spring,2012,1,0,1,1,Misty/Cloudy,0.218333,0.243058,0.91125,0.110708,145,2287,2432,Low Demand (Quiet Day),2639.4285714285716,2621.5666666666666
389,2012-01-24,Spring,2012,1,0,2,1,Clear/Partly Cloudy,0.3425,0.349108,0.835833,0.123767,439,3900,4339,Medium Demand (Typical Day),2840.0,2741.0666666666666
390,2012-01-25,Spring,2012,1,0,3,1,Clear/Partly Cloudy,0.294167,0.294821,0.64375,0.161071,467,3803,4270,Medium Demand (Typical Day),2967.714285714286,2839.5
391,2012-01-26,Spring,2012,1,0,4,1,Misty/Cloudy,0.341667,0.35605,0.769583,0.0733958,244,3831,4075,Medium Demand (Typical Day),3079.5714285714284,2936.6
392,2012-01-27,Spring,2012,1,0,5,1,Misty/Cloudy,0.425,0.415383,0.74125,0.342667,269,3187,3456,Medium Demand (Typical Day),3121.4285714285716,2975.0666666666666
393,2012-01-28,Spring,2012,1,0,6,0,Clear/Partly Cloudy,0.315833,0.326379,0.543333,0.210829,775,3248,4023,Medium Demand (Typical Day),3510.285714285714,3028.4
394,2012-01-29,Spring,2012,1,0,0,0,Clear/Partly Cloudy,0.2825,0.272721,0.31125,0.24005,558,2685,3243,Medium Demand (Typical Day),3691.1428571428573,3036.5333333333333
395,2012-01-30,Spring,2012,1,0,1,1,Clear/Partly Cloudy,0.269167,0.262625,0.400833,0.215792,126,3498,3624,Medium Demand (Typical Day),3861.4285714285716,3074.5
396,2012-01-31,Spring,2012,1,0,2,1,Clear/Partly Cloudy,0.39,0.381317,0.416667,0.261817,324,4185,4509,Medium Demand (Typical Day),3885.714285714286,3148.3333333333335
397,2012-02-01,Spring,2012,2,0,3,1,Clear/Partly Cloudy,0.469167,0.466538,0.507917,0.189067,304,4275,4579,Medium Demand (Typical Day),3929.8571428571427,3235.9333333333334
398,2012-02-02,Spring,2012,2,0,4,1,Misty/Cloudy,0.399167,0.398971,0.672917,0.187187,190,3571,3761,Medium Demand (Typical Day),3885.0,3286.766666666667
399,2012-02-03,Spring,2012,2,0,5,1,Clear/Partly Cloudy,0.313333,0.309346,0.526667,0.178496,310,3841,4151,Medium Demand (Typical Day),3984.285714285714,3346.2
400,2012-02-04,Spring,2012,2,0,6,0,Misty/Cloudy,0.264167,0.272725,0.779583,0.121896,384,2448,2832,Low Demand (Quiet Day),3814.1428571428573,3331.5333333333333
401,2012-02-05,Spring,2012,2,0,0,0,Misty/Cloudy,0.265833,0.264521,0.687917,0.175996,318,2629,2947,Low Demand (Quiet Day),3771.8571428571427,3293.1666666666665
402,2012-02-06,Spring,2012,2,0,1,1,Clear/Partly Cloudy,0.282609,0.296426,0.622174,0.1538,206,3578,3784,Medium Demand (Typical Day),3794.714285714286,3268.6
403,2012-02-07,Spring,2012,2,0,2,1,Clear/Partly Cloudy,0.354167,0.361104,0.49625,0.147379,199,4176,4375,Medium Demand (Typical Day),3775.5714285714284,3300.266666666667
404,2012-02-08,Spring,2012,2,0,3,1,Misty/Cloudy,0.256667,0.266421,0.722917,0.133721,109,2693,2802,Low Demand (Quiet Day),3521.714285714286,3314.4666666666667
405,2012-02-09,Spring,2012,2,0,4,1,Clear/Partly Cloudy,0.265,0.261988,0.562083,0.194037,163,3667,3830,Medium Demand (Typical Day),3531.5714285714284,3322.2
406,2012-02-10,Spring,2012,2,0,5,1,Misty/Cloudy,0.280833,0.293558,0.54,0.116929,227,3604,3831,Medium Demand (Typical Day),3485.8571428571427,3377.3333333333335
407,2012-02-11,Spring,2012,2,0,6,0,Light Snow/Rain,0.224167,0.210867,0.73125,0.289796,192,1977,2169,Low Demand (Quiet Day),3391.1428571428573,3313.0666666666666
408,2012-02-12,Spring,2012,2,0,0,0,Clear/Partly Cloudy,0.1275,0.101658,0.464583,0.409212,73,1456,1529,Low Demand (Quiet Day),3188.5714285714284,3256.9
409,2012-02-13,Spring,2012,2,0,1,1,Clear/Partly Cloudy,0.2225,0.227913,0.41125,0.167283,94,3328,3422,Medium Demand (Typical Day),3136.8571428571427,3287.866666666667
410,2012-02-14,Spring,2012,2,0,2,1,Misty/Cloudy,0.319167,0.333946,0.50875,0.141179,135,3787,3922,Medium Demand (Typical Day),3072.1428571428573,3341.5666666666666
411,2012-02-15,Spring,2012,2,0,3,1,Clear/Partly Cloudy,0.348333,0.351629,0.53125,0.1816,141,4028,4169,Medium Demand (Typical Day),3267.4285714285716,3403.9333333333334
412,2012-02-16,Spring,2012,2,0,4,1,Misty/Cloudy,0.316667,0.330162,0.752917,0.091425,74,2931,3005,Low Demand (Quiet Day),3149.5714285714284,3406.266666666667
413,2012-02-17,Spring,2012,2,0,5,1,Clear/Partly Cloudy,0.343333,0.351629,0.634583,0.205846,349,3805,4154,Medium Demand (Typical Day),3195.714285714286,3432.2
414,2012-02-18,Spring,2012,2,0,6,0,Clear/Partly Cloudy,0.346667,0.355425,0.534583,0.190929,1435,2883,4318,Medium Demand (Typical Day),3502.714285714286,3466.4
415,2012-02-19,Spring,2012,2,0,0,0,Misty/Cloudy,0.28,0.265788,0.515833,0.253112,618,2071,2689,Low Demand (Quiet Day),3668.4285714285716,3450.6
416,2012-02-20,Spring,2012,2,1,1,0,Clear/Partly Cloudy,0.28,0.273391,0.507826,0.229083,502,2627,3129,Low Demand (Quiet Day),3626.5714285714284,3511.5333333333333
417,2012-02-21,Spring,2012,2,0,2,1,Clear/Partly Cloudy,0.287826,0.295113,0.594348,0.205717,163,3614,3777,Medium Demand (Typical Day),3605.8571428571427,3571.5333333333333
418,2012-02-22,Spring,2012,2,0,3,1,Clear/Partly Cloudy,0.395833,0.392667,0.567917,0.234471,394,4379,4773,Medium Demand (Typical Day),3692.1428571428573,3649.5666666666666
419,2012-02-23,Spring,2012,2,0,4,1,Clear/Partly Cloudy,0.454167,0.444446,0.554583,0.190913,516,4546,5062,Medium Demand (Typical Day),3986.0,3673.6666666666665
420,2012-02-24,Spring,2012,2,0,5,1,Misty/Cloudy,0.4075,0.410971,0.7375,0.237567,246,3241,3487,Medium Demand (Typical Day),3890.714285714286,3647.5666666666666
421,2012-02-25,Spring,2012,2,0,6,0,Clear/Partly Cloudy,0.290833,0.255675,0.395833,0.421642,317,2415,2732,Low Demand (Quiet Day),3664.1428571428573,3602.8
422,2012-02-26,Spring,2012,2,0,0,0,Clear/Partly Cloudy,0.279167,0.268308,0.41,0.205229,515,2874,3389,Medium Demand (Typical Day),3764.1428571428573,3600.5666666666666
423,2012-02-27,Spring,2012,2,0,1,1,Clear/Partly Cloudy,0.366667,0.357954,0.490833,0.268033,253,4069,4322,Medium Demand (Typical Day),3934.5714285714284,3610.5333333333333
424,2012-02-28,Spring,2012,2,0,2,1,Clear/Partly Cloudy,0.359167,0.353525,0.395833,0.193417,229,4134,4363,Medium Demand (Typical Day),4018.285714285714,3647.866666666667
425,2012-02-29,Spring,2012,2,0,3,1,Misty/Cloudy,0.344348,0.34847,0.804783,0.179117,65,1769,1834,Low Demand (Quiet Day),3598.4285714285716,3588.2
426,2012-03-01,Spring,2012,3,0,4,1,Clear/Partly Cloudy,0.485833,0.475371,0.615417,0.226987,325,4665,4990,Medium Demand (Typical Day),3588.1428571428573,3604.233333333333
427,2012-03-02,Spring,2012,3,0,5,1,Misty/Cloudy,0.353333,0.359842,0.657083,0.144904,246,2948,3194,Medium Demand (Typical Day),3546.285714285714,3558.0666666666666
428,2012-03-03,Spring,2012,3,0,6,0,Misty/Cloudy,0.414167,0.413492,0.62125,0.161079,956,3110,4066,Medium Demand (Typical Day),3736.8571428571427,3568.233333333333
429,2012-03-04,Spring,2012,3,0,0,0,Clear/Partly Cloudy,0.325833,0.303021,0.403333,0.334571,710,2713,3423,Medium Demand (Typical Day),3741.714285714286,3543.9666666666667
430,2012-03-05,Spring,2012,3,0,1,1,Clear/Partly Cloudy,0.243333,0.241171,0.50625,0.228858,203,3130,3333,Medium Demand (Typical Day),3600.4285714285716,3560.6666666666665
431,2012-03-06,Spring,2012,3,0,2,1,Clear/Partly Cloudy,0.258333,0.255042,0.456667,0.200875,221,3735,3956,Medium Demand (Typical Day),3542.285714285714,3594.3
432,2012-03-07,Spring,2012,3,0,3,1,Clear/Partly Cloudy,0.404167,0.3851,0.513333,0.345779,432,4484,4916,Medium Demand (Typical Day),3982.5714285714284,3632.0333333333333
433,2012-03-08,Spring,2012,3,0,4,1,Clear/Partly Cloudy,0.5275,0.524604,0.5675,0.441563,486,4896,5382,Medium Demand (Typical Day),4038.5714285714284,3665.6
434,2012-03-09,Spring,2012,3,0,5,1,Misty/Cloudy,0.410833,0.397083,0.407083,0.4148,447,4122,4569,Medium Demand (Typical Day),4235.0,3724.5
435,2012-03-10,Spring,2012,3,0,6,0,Clear/Partly Cloudy,0.2875,0.277767,0.350417,0.22575,968,3150,4118,Medium Demand (Typical Day),4242.428571428572,3734.1
436,2012-03-11,Spring,2012,3,0,0,0,Clear/Partly Cloudy,0.361739,0.35967,0.476957,0.222587,1658,3253,4911,Medium Demand (Typical Day),4455.0,3770.1
437,2012-03-12,Spring,2012,3,0,1,1,Clear/Partly Cloudy,0.466667,0.459592,0.489167,0.207713,838,4460,5298,Medium Demand (Typical Day),4735.714285714285,3874.4
438,2012-03-13,Spring,2012,3,0,2,1,Clear/Partly Cloudy,0.565,0.542929,0.6175,0.23695,762,5085,5847,Medium Demand (Typical Day),5005.857142857143,4018.3333333333335
439,2012-03-14,Spring,2012,3,0,3,1,Clear/Partly Cloudy,0.5725,0.548617,0.507083,0.115062,997,5315,6312,High Demand (Peak Day),5205.285714285715,4114.666666666667
440,2012-03-15,Spring,2012,3,0,4,1,Clear/Partly Cloudy,0.5575,0.532825,0.579583,0.149883,1005,5187,6192,High Demand (Peak Day),5321.0,4190.333333333333
441,2012-03-16,Spring,2012,3,0,5,1,Misty/Cloudy,0.435833,0.436229,0.842083,0.113192,548,3830,4378,Medium Demand (Typical Day),5293.714285714285,4197.3
442,2012-03-17,Spring,2012,3,0,6,0,Misty/Cloudy,0.514167,0.505046,0.755833,0.110704,3155,4681,7836,High Demand (Peak Day),5824.857142857143,4358.333333333333
443,2012-03-18,Spring,2012,3,0,0,0,Misty/Cloudy,0.4725,0.464,0.81,0.126883,2207,3685,5892,Medium Demand (Typical Day),5965.0,4416.266666666666
444,2012-03-19,Spring,2012,3,0,1,1,Clear/Partly Cloudy,0.545,0.532821,0.72875,0.162317,982,5171,6153,High Demand (Peak Day),6087.142857142857,4477.433333333333
445,2012-03-20,Spring,2012,3,0,2,1,Clear/Partly Cloudy,0.560833,0.538533,0.807917,0.121271,1051,5042,6093,High Demand (Peak Day),6122.285714285715,4590.9
446,2012-03-21,Summer,2012,3,0,3,1,Misty/Cloudy,0.531667,0.513258,0.82125,0.0895583,1122,5108,6230,High Demand (Peak Day),6110.571428571428,4694.266666666666
447,2012-03-22,Summer,2012,3,0,4,1,Clear/Partly Cloudy,0.554167,0.531567,0.83125,0.117562,1334,5537,6871,High Demand (Peak Day),6207.571428571428,4797.4
448,2012-03-23,Summer,2012,3,0,5,1,Misty/Cloudy,0.601667,0.570067,0.694167,0.1163,2469,5893,8362,High Demand (Peak Day),6776.714285714285,4917.033333333334
449,2012-03-24,Summer,2012,3,0,6,0,Misty/Cloudy,0.5025,0.486733,0.885417,0.192783,1033,2339,3372,Medium Demand (Typical Day),6139.0,4860.7
450,2012-03-25,Summer,2012,3,0,0,0,Misty/Cloudy,0.4375,0.437488,0.880833,0.220775,1532,3464,4996,Medium Demand (Typical Day),6011.0,4911.0
451,2012-03-26,Summer,2012,3,0,1,1,Clear/Partly Cloudy,0.445833,0.43875,0.477917,0.386821,795,4763,5558,Medium Demand (Typical Day),5926.0,5005.2
452,2012-03-27,Summer,2012,3,0,2,1,Clear/Partly Cloudy,0.323333,0.315654,0.29,0.187192,531,4571,5102,Medium Demand (Typical Day),5784.428571428572,5062.3
453,2012-03-28,Summer,2012,3,0,3,1,Clear/Partly Cloudy,0.484167,0.47095,0.48125,0.291671,674,5024,5698,Medium Demand (Typical Day),5708.428571428572,5108.166666666667
454,2012-03-29,Summer,2012,3,0,4,1,Clear/Partly Cloudy,0.494167,0.482304,0.439167,0.31965,834,5299,6133,High Demand (Peak Day),5603.0,5167.166666666667
455,2012-03-30,Summer,2012,3,0,5,1,Misty/Cloudy,0.37,0.375621,0.580833,0.138067,796,4663,5459,Medium Demand (Typical Day),5188.285714285715,5288.0
456,2012-03-31,Summer,2012,3,0,6,0,Misty/Cloudy,0.424167,0.421708,0.738333,0.250617,2301,3934,6235,High Demand (Peak Day),5597.285714285715,5329.5
457,2012-04-01,Summer,2012,4,0,0,0,Misty/Cloudy,0.425833,0.417287,0.67625,0.172267,2347,3694,6041,High Demand (Peak Day),5746.571428571428,5424.4
458,2012-04-02,Summer,2012,4,0,1,1,Clear/Partly Cloudy,0.433913,0.427513,0.504348,0.312139,1208,4728,5936,Medium Demand (Typical Day),5800.571428571428,5486.733333333334
459,2012-04-03,Summer,2012,4,0,2,1,Clear/Partly Cloudy,0.466667,0.461483,0.396667,0.100133,1348,5424,6772,High Demand (Peak Day),6039.142857142857,5598.366666666667
460,2012-04-04,Summer,2012,4,0,3,1,Clear/Partly Cloudy,0.541667,0.53345,0.469583,0.180975,1058,5378,6436,High Demand (Peak Day),6144.571428571428,5701.8
461,2012-04-05,Summer,2012,4,0,4,1,Clear/Partly Cloudy,0.435,0.431163,0.374167,0.219529,1192,5265,6457,High Demand (Peak Day),6190.857142857143,5785.166666666667
462,2012-04-06,Summer,2012,4,0,5,1,Clear/Partly Cloudy,0.403333,0.390767,0.377083,0.300388,1807,4653,6460,High Demand (Peak Day),6333.857142857143,5836.633333333333
463,2012-04-07,Summer,2012,4,0,6,0,Clear/Partly Cloudy,0.4375,0.426129,0.254167,0.274871,3252,3605,6857,High Demand (Peak Day),6422.714285714285,5885.8
464,2012-04-08,Summer,2012,4,0,0,0,Clear/Partly Cloudy,0.5,0.492425,0.275833,0.232596,2230,2939,5169,Medium Demand (Typical Day),6298.142857142857,5905.8
465,2012-04-09,Summer,2012,4,0,1,1,Clear/Partly Cloudy,0.489167,0.476638,0.3175,0.358196,905,4680,5585,Medium Demand (Typical Day),6248.0,5954.7
466,2012-04-10,Summer,2012,4,0,2,1,Clear/Partly Cloudy,0.446667,0.436233,0.435,0.249375,819,5099,5918,Medium Demand (Typical Day),6126.0,5988.266666666666
467,2012-04-11,Summer,2012,4,0,3,1,Clear/Partly Cloudy,0.348696,0.337274,0.469565,0.295274,482,4380,4862,Medium Demand (Typical Day),5901.142857142857,5973.733333333334
468,2012-04-12,Summer,2012,4,0,4,1,Clear/Partly Cloudy,0.3975,0.387604,0.46625,0.290429,663,4746,5409,Medium Demand (Typical Day),5751.428571428572,5959.133333333333
469,2012-04-13,Summer,2012,4,0,5,1,Clear/Partly Cloudy,0.4425,0.431808,0.408333,0.155471,1252,5146,6398,High Demand (Peak Day),5742.571428571428,5962.0
470,2012-04-14,Summer,2012,4,0,6,0,Clear/Partly Cloudy,0.495,0.487996,0.502917,0.190917,2795,4665,7460,High Demand (Peak Day),5828.714285714285,6004.266666666666
471,2012-04-15,Summer,2012,4,0,0,0,Clear/Partly Cloudy,0.606667,0.573875,0.507917,0.225129,2846,4286,7132,High Demand (Peak Day),6109.142857142857,6096.066666666667
472,2012-04-16,Summer,2012,4,1,1,0,Clear/Partly Cloudy,0.664167,0.614925,0.561667,0.284829,1198,5172,6370,High Demand (Peak Day),6221.285714285715,6047.2
473,2012-04-17,Summer,2012,4,0,2,1,Clear/Partly Cloudy,0.608333,0.598487,0.390417,0.273629,989,5702,6691,High Demand (Peak Day),6331.714285714285,6073.833333333333
474,2012-04-18,Summer,2012,4,0,3,1,Misty/Cloudy,0.463333,0.457038,0.569167,0.167912,347,4020,4367,Medium Demand (Typical Day),6261.0,6014.3
475,2012-04-19,Summer,2012,4,0,4,1,Clear/Partly Cloudy,0.498333,0.493046,0.6125,0.0659292,846,5719,6565,High Demand (Peak Day),6426.142857142857,6030.033333333334
476,2012-04-20,Summer,2012,4,0,5,1,Clear/Partly Cloudy,0.526667,0.515775,0.694583,0.149871,1340,5950,7290,High Demand (Peak Day),6553.571428571428,6065.366666666667
477,2012-04-21,Summer,2012,4,0,6,0,Clear/Partly Cloudy,0.57,0.542921,0.682917,0.283587,2541,4083,6624,High Demand (Peak Day),6434.142857142857,6057.133333333333
478,2012-04-22,Summer,2012,4,0,0,0,Light Snow/Rain,0.396667,0.389504,0.835417,0.344546,120,907,1027,Low Demand (Quiet Day),5562.0,5812.633333333333
479,2012-04-23,Summer,2012,4,0,1,1,Misty/Cloudy,0.321667,0.301125,0.766667,0.303496,195,3019,3214,Medium Demand (Typical Day),5111.142857142857,5807.366666666667
480,2012-04-24,Summer,2012,4,0,2,1,Clear/Partly Cloudy,0.413333,0.405283,0.454167,0.249383,518,5115,5633,Medium Demand (Typical Day),4960.0,5828.6
481,2012-04-25,Summer,2012,4,0,3,1,Clear/Partly Cloudy,0.476667,0.470317,0.427917,0.118792,655,5541,6196,High Demand (Peak Day),5221.285714285715,5849.866666666667
482,2012-04-26,Summer,2012,4,0,4,1,Misty/Cloudy,0.498333,0.483583,0.756667,0.176625,475,4551,5026,Medium Demand (Typical Day),5001.428571428572,5847.333333333333
483,2012-04-27,Summer,2012,4,0,5,1,Clear/Partly Cloudy,0.4575,0.452637,0.400833,0.347633,1014,5219,6233,High Demand (Peak Day),4850.428571428572,5865.166666666667
484,2012-04-28,Summer,2012,4,0,6,0,Misty/Cloudy,0.376667,0.377504,0.489583,0.129975,1120,3100,4220,Medium Demand (Typical Day),4507.0,5801.4
485,2012-04-29,Summer,2012,4,0,0,0,Clear/Partly Cloudy,0.458333,0.450121,0.587083,0.116908,2229,4075,6304,High Demand (Peak Day),5260.857142857143,5829.566666666667
486,2012-04-30,Summer,2012,4,0,1,1,Misty/Cloudy,0.464167,0.457696,0.57,0.171638,665,4907,5572,Medium Demand (Typical Day),5597.714285714285,5807.466666666666
487,2012-05-01,Summer,2012,5,0,2,1,Misty/Cloudy,0.613333,0.577021,0.659583,0.156096,653,5087,5740,Medium Demand (Typical Day),5613.0,5797.433333333333
488,2012-05-02,Summer,2012,5,0,3,1,Clear/Partly Cloudy,0.564167,0.537896,0.797083,0.138058,667,5502,6169,High Demand (Peak Day),5609.142857142857,5805.2
489,2012-05-03,Summer,2012,5,0,4,1,Misty/Cloudy,0.56,0.537242,0.768333,0.133696,764,5657,6421,High Demand (Peak Day),5808.428571428572,5793.5
490,2012-05-04,Summer,2012,5,0,5,1,Clear/Partly Cloudy,0.6275,0.590917,0.735417,0.162938,1069,5227,6296,High Demand (Peak Day),5817.428571428572,5788.833333333333
491,2012-05-05,Summer,2012,5,0,6,0,Misty/Cloudy,0.621667,0.584608,0.756667,0.152992,2496,4387,6883,High Demand (Peak Day),6197.857142857143,5803.033333333334
492,2012-05-06,Summer,2012,5,0,0,0,Misty/Cloudy,0.5625,0.546737,0.74,0.149879,2135,4224,6359,High Demand (Peak Day),6205.714285714285,5799.666666666667
493,2012-05-07,Summer,2012,5,0,1,1,Misty/Cloudy,0.5375,0.527142,0.664167,0.230721,1008,5265,6273,High Demand (Peak Day),6305.857142857143,5780.2
494,2012-05-08,Summer,2012,5,0,2,1,Misty/Cloudy,0.581667,0.557471,0.685833,0.296029,738,4990,5728,Medium Demand (Typical Day),6304.142857142857,5798.833333333333
495,2012-05-09,Summer,2012,5,0,3,1,Misty/Cloudy,0.575,0.553025,0.744167,0.216412,620,4097,4717,Medium Demand (Typical Day),6096.714285714285,5769.9
496,2012-05-10,Summer,2012,5,0,4,1,Clear/Partly Cloudy,0.505833,0.491783,0.552083,0.314063,1026,5546,6572,High Demand (Peak Day),6118.285714285715,5791.7
497,2012-05-11,Summer,2012,5,0,5,1,Clear/Partly Cloudy,0.533333,0.520833,0.360417,0.236937,1319,5711,7030,High Demand (Peak Day),6223.142857142857,5863.966666666666
498,2012-05-12,Summer,2012,5,0,6,0,Clear/Partly Cloudy,0.564167,0.544817,0.480417,0.123133,2622,4807,7429,High Demand (Peak Day),6301.142857142857,5931.3
499,2012-05-13,Summer,2012,5,0,0,0,Clear/Partly Cloudy,0.6125,0.585238,0.57625,0.225117,2172,3946,6118,High Demand (Peak Day),6266.714285714285,5921.966666666666
500,2012-05-14,Summer,2012,5,0,1,1,Misty/Cloudy,0.573333,0.5499,0.789583,0.212692,342,2501,2843,Low Demand (Quiet Day),5776.714285714285,5768.066666666667
501,2012-05-15,Summer,2012,5,0,2,1,Misty/Cloudy,0.611667,0.576404,0.794583,0.147392,625,4490,5115,Medium Demand (Typical Day),5689.142857142857,5700.833333333333
502,2012-05-16,Summer,2012,5,0,3,1,Clear/Partly Cloudy,0.636667,0.595975,0.697917,0.122512,991,6433,7424,High Demand (Peak Day),6075.857142857143,5735.966666666666
503,2012-05-17,Summer,2012,5,0,4,1,Clear/Partly Cloudy,0.593333,0.572613,0.52,0.229475,1242,6142,7384,High Demand (Peak Day),6191.857142857143,5759.066666666667
504,2012-05-18,Summer,2012,5,0,5,1,Clear/Partly Cloudy,0.564167,0.551121,0.523333,0.136817,1521,6118,7639,High Demand (Peak Day),6278.857142857143,5868.133333333333
505,2012-05-19,Summer,2012,5,0,6,0,Clear/Partly Cloudy,0.6,0.566908,0.45625,0.083975,3410,4884,8294,High Demand (Peak Day),6402.428571428572,5925.766666666666
506,2012-05-20,Summer,2012,5,0,0,0,Clear/Partly Cloudy,0.620833,0.583967,0.530417,0.254367,2704,4425,7129,High Demand (Peak Day),6546.857142857143,5920.4
507,2012-05-21,Summer,2012,5,0,1,1,Misty/Cloudy,0.598333,0.565667,0.81125,0.233204,630,3729,4359,Medium Demand (Typical Day),6763.428571428572,5844.9
508,2012-05-22,Summer,2012,5,0,2,1,Misty/Cloudy,0.615,0.580825,0.765833,0.118167,819,5254,6073,High Demand (Peak Day),6900.285714285715,6013.1
509,2012-05-23,Summer,2012,5,0,3,1,Misty/Cloudy,0.621667,0.584612,0.774583,0.102,766,4494,5260,Medium Demand (Typical Day),6591.142857142857,6081.3
510,2012-05-24,Summer,2012,5,0,4,1,Clear/Partly Cloudy,0.655,0.6067,0.716667,0.172896,1059,5711,6770,High Demand (Peak Day),6503.428571428572,6119.2
511,2012-05-25,Summer,2012,5,0,5,1,Clear/Partly Cloudy,0.68,0.627529,0.747083,0.14055,1417,5317,6734,High Demand (Peak Day),6374.142857142857,6137.133333333333
512,2012-05-26,Summer,2012,5,0,6,0,Clear/Partly Cloudy,0.6925,0.642696,0.7325,0.198992,2855,3681,6536,High Demand (Peak Day),6123.0,6187.466666666666
513,2012-05-27,Summer,2012,5,0,0,0,Clear/Partly Cloudy,0.69,0.641425,0.697083,0.215171,3283,3308,6591,High Demand (Peak Day),6046.142857142857,6199.4
514,2012-05-28,Summer,2012,5,1,1,0,Clear/Partly Cloudy,0.7125,0.6793,0.67625,0.196521,2557,3486,6043,High Demand (Peak Day),6286.714285714285,6260.166666666667
515,2012-05-29,Summer,2012,5,0,2,1,Clear/Partly Cloudy,0.7225,0.672992,0.684583,0.2954,880,4863,5743,Medium Demand (Typical Day),6239.571428571428,6241.466666666666
516,2012-05-30,Summer,2012,5,0,3,1,Misty/Cloudy,0.656667,0.611129,0.67,0.134329,745,6110,6855,High Demand (Peak Day),6467.428571428572,6284.233333333334
517,2012-05-31,Summer,2012,5,0,4,1,Clear/Partly Cloudy,0.68,0.631329,0.492917,0.195279,1100,6238,7338,High Demand (Peak Day),6548.571428571428,6337.5
518,2012-06-01,Summer,2012,6,0,5,1,Misty/Cloudy,0.654167,0.607962,0.755417,0.237563,533,3594,4127,Medium Demand (Typical Day),6176.142857142857,6269.433333333333
519,2012-06-02,Summer,2012,6,0,6,0,Clear/Partly Cloudy,0.583333,0.566288,0.549167,0.186562,2795,5325,8120,High Demand (Peak Day),6402.428571428572,6326.066666666667
520,2012-06-03,Summer,2012,6,0,0,0,Clear/Partly Cloudy,0.6025,0.575133,0.493333,0.184087,2494,5147,7641,High Demand (Peak Day),6552.428571428572,6370.9
521,2012-06-04,Summer,2012,6,0,1,1,Clear/Partly Cloudy,0.5975,0.578283,0.487083,0.284833,1071,5927,6998,High Demand (Peak Day),6688.857142857143,6374.733333333334
522,2012-06-05,Summer,2012,6,0,2,1,Misty/Cloudy,0.540833,0.525892,0.613333,0.209575,968,6033,7001,High Demand (Peak Day),6868.571428571428,6396.133333333333
523,2012-06-06,Summer,2012,6,0,3,1,Clear/Partly Cloudy,0.554167,0.542292,0.61125,0.077125,1027,6028,7055,High Demand (Peak Day),6897.142857142857,6422.2
524,2012-06-07,Summer,2012,6,0,4,1,Clear/Partly Cloudy,0.6025,0.569442,0.567083,0.15735,1038,6456,7494,High Demand (Peak Day),6919.428571428572,6481.066666666667
525,2012-06-08,Summer,2012,6,0,5,1,Clear/Partly Cloudy,0.649167,0.597862,0.467917,0.175383,1488,6248,7736,High Demand (Peak Day),7435.0,6581.7
526,2012-06-09,Summer,2012,6,0,6,0,Clear/Partly Cloudy,0.710833,0.648367,0.437083,0.144287,2708,4790,7498,High Demand (Peak Day),7346.142857142857,6612.566666666667
527,2012-06-10,Summer,2012,6,0,0,0,Clear/Partly Cloudy,0.726667,0.663517,0.538333,0.133721,2224,4374,6598,High Demand (Peak Day),7197.142857142857,6598.166666666667
528,2012-06-11,Summer,2012,6,0,1,1,Misty/Cloudy,0.720833,0.659721,0.587917,0.207713,1017,5647,6664,High Demand (Peak Day),7149.428571428572,6572.666666666667
529,2012-06-12,Summer,2012,6,0,2,1,Misty/Cloudy,0.653333,0.597875,0.833333,0.214546,477,4495,4972,Medium Demand (Typical Day),6859.571428571428,6534.466666666666
530,2012-06-13,Summer,2012,6,0,3,1,Clear/Partly Cloudy,0.655833,0.611117,0.582083,0.343279,1173,6248,7421,High Demand (Peak Day),6911.857142857143,6687.066666666667
531,2012-06-14,Summer,2012,6,0,4,1,Clear/Partly Cloudy,0.648333,0.624383,0.569583,0.253733,1180,6183,7363,High Demand (Peak Day),6893.142857142857,6762.0
532,2012-06-15,Summer,2012,6,0,5,1,Clear/Partly Cloudy,0.639167,0.599754,0.589583,0.176617,1563,6102,7665,High Demand (Peak Day),6883.0,6770.033333333334
533,2012-06-16,Summer,2012,6,0,6,0,Clear/Partly Cloudy,0.631667,0.594708,0.504167,0.166667,2963,4739,7702,High Demand (Peak Day),6912.142857142857,6780.633333333333
534,2012-06-17,Summer,2012,6,0,0,0,Clear/Partly Cloudy,0.5925,0.571975,0.59875,0.144904,2634,4344,6978,High Demand (Peak Day),6966.428571428572,6758.6
535,2012-06-18,Summer,2012,6,0,1,1,Misty/Cloudy,0.568333,0.544842,0.777917,0.174746,653,4446,5099,Medium Demand (Typical Day),6742.857142857143,6652.1
536,2012-06-19,Summer,2012,6,0,2,1,Clear/Partly Cloudy,0.688333,0.654692,0.69,0.148017,968,5857,6825,High Demand (Peak Day),7007.571428571428,6641.966666666666
537,2012-06-20,Summer,2012,6,0,3,1,Clear/Partly Cloudy,0.7825,0.720975,0.592083,0.113812,872,5339,6211,High Demand (Peak Day),6834.714285714285,6703.7
538,2012-06-21,Fall,2012,6,0,4,1,Clear/Partly Cloudy,0.805833,0.752542,0.567917,0.118787,778,5127,5905,Medium Demand (Typical Day),6626.428571428572,6698.1
539,2012-06-22,Fall,2012,6,0,5,1,Clear/Partly Cloudy,0.7775,0.724121,0.57375,0.182842,964,4859,5823,Medium Demand (Typical Day),6363.285714285715,6716.866666666667
540,2012-06-23,Fall,2012,6,0,6,0,Clear/Partly Cloudy,0.731667,0.652792,0.534583,0.179721,2657,4801,7458,High Demand (Peak Day),6328.428571428572,6739.8
541,2012-06-24,Fall,2012,6,0,0,0,Clear/Partly Cloudy,0.743333,0.674254,0.479167,0.145525,2551,4340,6891,High Demand (Peak Day),6316.0,6745.033333333334
542,2012-06-25,Fall,2012,6,0,1,1,Clear/Partly Cloudy,0.715833,0.654042,0.504167,0.300383,1139,5640,6779,High Demand (Peak Day),6556.0,6753.133333333333
543,2012-06-26,Fall,2012,6,0,2,1,Clear/Partly Cloudy,0.630833,0.594704,0.373333,0.347642,1077,6365,7442,High Demand (Peak Day),6644.142857142857,6781.5
544,2012-06-27,Fall,2012,6,0,3,1,Clear/Partly Cloudy,0.6975,0.640792,0.36,0.271775,1077,6258,7335,High Demand (Peak Day),6804.714285714285,6824.566666666667
545,2012-06-28,Fall,2012,6,0,4,1,Clear/Partly Cloudy,0.749167,0.675512,0.4225,0.17165,921,5958,6879,High Demand (Peak Day),6943.857142857143,6862.433333333333
546,2012-06-29,Fall,2012,6,0,5,1,Clear/Partly Cloudy,0.834167,0.786613,0.48875,0.165417,829,4634,5463,Medium Demand (Typical Day),6892.428571428572,6816.033333333334
547,2012-06-30,Fall,2012,6,0,6,0,Clear/Partly Cloudy,0.765,0.687508,0.60125,0.161071,1455,4232,5687,Medium Demand (Typical Day),6639.428571428572,6761.0
548,2012-07-01,Fall,2012,7,0,0,0,Clear/Partly Cloudy,0.815833,0.750629,0.51875,0.168529,1421,4110,5531,Medium Demand (Typical Day),6445.142857142857,6807.8
549,2012-07-02,Fall,2012,7,0,1,1,Clear/Partly Cloudy,0.781667,0.702038,0.447083,0.195267,904,5323,6227,High Demand (Peak Day),6366.285714285715,6744.7
550,2012-07-03,Fall,2012,7,0,2,1,Clear/Partly Cloudy,0.780833,0.70265,0.492083,0.126237,1052,5608,6660,High Demand (Peak Day),6254.571428571428,6712.0
551,2012-07-04,Fall,2012,7,1,3,0,Clear/Partly Cloudy,0.789167,0.732337,0.53875,0.13495,2562,4841,7403,High Demand (Peak Day),6264.285714285715,6725.5
552,2012-07-05,Fall,2012,7,0,4,1,Clear/Partly Cloudy,0.8275,0.761367,0.457917,0.194029,1405,4836,6241,High Demand (Peak Day),6173.142857142857,6700.166666666667
553,2012-07-06,Fall,2012,7,0,5,1,Clear/Partly Cloudy,0.828333,0.752533,0.450833,0.146142,1366,4841,6207,High Demand (Peak Day),6279.428571428572,6671.9
554,2012-07-07,Fall,2012,7,0,6,0,Clear/Partly Cloudy,0.861667,0.804913,0.492083,0.163554,1448,3392,4840,Medium Demand (Typical Day),6158.428571428572,6583.433333333333
555,2012-07-08,Fall,2012,7,0,0,0,Clear/Partly Cloudy,0.8225,0.790396,0.57375,0.125629,1203,3469,4672,Medium Demand (Typical Day),6035.714285714285,6481.3
556,2012-07-09,Fall,2012,7,0,1,1,Misty/Cloudy,0.710833,0.654054,0.683333,0.180975,998,5571,6569,High Demand (Peak Day),6084.571428571428,6450.333333333333
557,2012-07-10,Fall,2012,7,0,2,1,Misty/Cloudy,0.720833,0.664796,0.6675,0.151737,954,5336,6290,High Demand (Peak Day),6031.714285714285,6440.066666666667
558,2012-07-11,Fall,2012,7,0,3,1,Clear/Partly Cloudy,0.716667,0.650271,0.633333,0.151733,975,6289,7264,High Demand (Peak Day),6011.857142857143,6460.066666666667
559,2012-07-12,Fall,2012,7,0,4,1,Clear/Partly Cloudy,0.715833,0.654683,0.529583,0.146775,1032,6414,7446,High Demand (Peak Day),6184.0,6542.533333333334
560,2012-07-13,Fall,2012,7,0,5,1,Misty/Cloudy,0.731667,0.667933,0.485833,0.08085,1511,5988,7499,High Demand (Peak Day),6368.571428571428,6545.133333333333
561,2012-07-14,Fall,2012,7,0,6,0,Misty/Cloudy,0.703333,0.666042,0.699167,0.143679,2355,4614,6969,High Demand (Peak Day),6672.714285714285,6532.0
562,2012-07-15,Fall,2012,7,0,0,0,Clear/Partly Cloudy,0.745833,0.705196,0.717917,0.166667,1920,4111,6031,High Demand (Peak Day),6866.857142857143,6477.533333333334
563,2012-07-16,Fall,2012,7,0,1,1,Clear/Partly Cloudy,0.763333,0.724125,0.645,0.164187,1088,5742,6830,High Demand (Peak Day),6904.142857142857,6448.466666666666
564,2012-07-17,Fall,2012,7,0,2,1,Clear/Partly Cloudy,0.818333,0.755683,0.505833,0.114429,921,5865,6786,High Demand (Peak Day),6975.0,6442.066666666667
565,2012-07-18,Fall,2012,7,0,3,1,Clear/Partly Cloudy,0.793333,0.745583,0.577083,0.137442,799,4914,5713,Medium Demand (Typical Day),6753.428571428572,6462.533333333334
566,2012-07-19,Fall,2012,7,0,4,1,Clear/Partly Cloudy,0.77,0.714642,0.600417,0.165429,888,5703,6591,High Demand (Peak Day),6631.285714285715,6454.733333333334
567,2012-07-20,Fall,2012,7,0,5,1,Misty/Cloudy,0.665833,0.613025,0.844167,0.208967,747,5123,5870,Medium Demand (Typical Day),6398.571428571428,6443.366666666667
568,2012-07-21,Fall,2012,7,0,6,0,Light Snow/Rain,0.595833,0.549912,0.865417,0.2133,1264,3195,4459,Medium Demand (Typical Day),6040.0,6395.166666666667
569,2012-07-22,Fall,2012,7,0,0,0,Misty/Cloudy,0.6675,0.623125,0.7625,0.0939208,2544,4866,7410,High Demand (Peak Day),6237.0,6448.066666666667
570,2012-07-23,Fall,2012,7,0,1,1,Clear/Partly Cloudy,0.741667,0.690017,0.694167,0.138683,1135,5831,6966,High Demand (Peak Day),6256.428571428572,6431.666666666667
571,2012-07-24,Fall,2012,7,0,2,1,Clear/Partly Cloudy,0.750833,0.70645,0.655,0.211454,1140,6452,7592,High Demand (Peak Day),6371.571428571428,6455.033333333334
572,2012-07-25,Fall,2012,7,0,3,1,Clear/Partly Cloudy,0.724167,0.654054,0.45,0.1648,1383,6790,8173,High Demand (Peak Day),6723.0,6501.5
573,2012-07-26,Fall,2012,7,0,4,1,Clear/Partly Cloudy,0.776667,0.739263,0.596667,0.284813,1036,5825,6861,High Demand (Peak Day),6761.571428571428,6482.133333333333
574,2012-07-27,Fall,2012,7,0,5,1,Clear/Partly Cloudy,0.781667,0.734217,0.594583,0.152992,1259,5645,6904,High Demand (Peak Day),6909.285714285715,6467.766666666666
575,2012-07-28,Fall,2012,7,0,6,0,Clear/Partly Cloudy,0.755833,0.697604,0.613333,0.15735,2234,4451,6685,High Demand (Peak Day),7227.285714285715,6461.3
576,2012-07-29,Fall,2012,7,0,0,0,Clear/Partly Cloudy,0.721667,0.667933,0.62375,0.170396,2153,4444,6597,High Demand (Peak Day),7111.142857142857,6499.1
577,2012-07-30,Fall,2012,7,0,1,1,Clear/Partly Cloudy,0.730833,0.684987,0.66875,0.153617,1040,6065,7105,High Demand (Peak Day),7131.0,6546.366666666667
578,2012-07-31,Fall,2012,7,0,2,1,Clear/Partly Cloudy,0.713333,0.662896,0.704167,0.165425,968,6248,7216,High Demand (Peak Day),7077.285714285715,6602.533333333334
579,2012-08-01,Fall,2012,8,0,3,1,Clear/Partly Cloudy,0.7175,0.667308,0.6775,0.141179,1074,6506,7580,High Demand (Peak Day),6992.571428571428,6647.633333333333
580,2012-08-02,Fall,2012,8,0,4,1,Clear/Partly Cloudy,0.7525,0.707088,0.659583,0.129354,983,6278,7261,High Demand (Peak Day),7049.714285714285,6667.666666666667
581,2012-08-03,Fall,2012,8,0,5,1,Misty/Cloudy,0.765833,0.722867,0.6425,0.215792,1328,5847,7175,High Demand (Peak Day),7088.428571428572,6660.066666666667
582,2012-08-04,Fall,2012,8,0,6,0,Clear/Partly Cloudy,0.793333,0.751267,0.613333,0.257458,2345,4479,6824,High Demand (Peak Day),7108.285714285715,6679.5
583,2012-08-05,Fall,2012,8,0,0,0,Clear/Partly Cloudy,0.769167,0.731079,0.6525,0.290421,1707,3757,5464,Medium Demand (Typical Day),6946.428571428572,6654.733333333334
584,2012-08-06,Fall,2012,8,0,1,1,Misty/Cloudy,0.7525,0.710246,0.654167,0.129354,1233,5780,7013,High Demand (Peak Day),6933.285714285715,6727.166666666667
585,2012-08-07,Fall,2012,8,0,2,1,Misty/Cloudy,0.735833,0.697621,0.70375,0.116908,1278,5995,7273,High Demand (Peak Day),6941.428571428572,6813.866666666667
586,2012-08-08,Fall,2012,8,0,3,1,Misty/Cloudy,0.75,0.707717,0.672917,0.1107,1263,6271,7534,High Demand (Peak Day),6934.857142857143,6846.033333333334
587,2012-08-09,Fall,2012,8,0,4,1,Clear/Partly Cloudy,0.755833,0.699508,0.620417,0.1561,1196,6090,7286,High Demand (Peak Day),6938.428571428572,6879.233333333334
588,2012-08-10,Fall,2012,8,0,5,1,Misty/Cloudy,0.715833,0.667942,0.715833,0.238813,1065,4721,5786,Medium Demand (Typical Day),6740.0,6829.966666666666
589,2012-08-11,Fall,2012,8,0,6,0,Misty/Cloudy,0.6925,0.638267,0.732917,0.206479,2247,4052,6299,High Demand (Peak Day),6665.0,6791.733333333334
590,2012-08-12,Fall,2012,8,0,0,0,Clear/Partly Cloudy,0.700833,0.644579,0.530417,0.122512,2182,4362,6544,High Demand (Peak Day),6819.285714285715,6759.9
591,2012-08-13,Fall,2012,8,0,1,1,Clear/Partly Cloudy,0.720833,0.662254,0.545417,0.136212,1207,5676,6883,High Demand (Peak Day),6800.714285714285,6757.033333333334
592,2012-08-14,Fall,2012,8,0,2,1,Clear/Partly Cloudy,0.726667,0.676779,0.686667,0.169158,1128,5656,6784,High Demand (Peak Day),6730.857142857143,6782.133333333333
593,2012-08-15,Fall,2012,8,0,3,1,Clear/Partly Cloudy,0.706667,0.654037,0.619583,0.169771,1198,6149,7347,High Demand (Peak Day),6704.142857142857,6799.366666666667
594,2012-08-16,Fall,2012,8,0,4,1,Clear/Partly Cloudy,0.719167,0.654688,0.519167,0.141796,1338,6267,7605,High Demand (Peak Day),6749.714285714285,6826.666666666667
595,2012-08-17,Fall,2012,8,0,5,1,Clear/Partly Cloudy,0.723333,0.2424,0.570833,0.231354,1483,5665,7148,High Demand (Peak Day),6944.285714285715,6874.5
596,2012-08-18,Fall,2012,8,0,6,0,Clear/Partly Cloudy,0.678333,0.618071,0.603333,0.177867,2827,5038,7865,High Demand (Peak Day),7168.0,6916.966666666666
597,2012-08-19,Fall,2012,8,0,0,0,Misty/Cloudy,0.635833,0.603554,0.711667,0.08645,1208,3341,4549,Medium Demand (Typical Day),6883.0,6872.933333333333
598,2012-08-20,Fall,2012,8,0,1,1,Misty/Cloudy,0.635833,0.595967,0.734167,0.129979,1026,5504,6530,High Demand (Peak Day),6832.571428571428,6941.966666666666
599,2012-08-21,Fall,2012,8,0,2,1,Clear/Partly Cloudy,0.649167,0.601025,0.67375,0.0727708,1081,5925,7006,High Demand (Peak Day),6864.285714285715,6928.5
600,2012-08-22,Fall,2012,8,0,3,1,Clear/Partly Cloudy,0.6675,0.621854,0.677083,0.0702833,1094,6281,7375,High Demand (Peak Day),6868.285714285715,6942.133333333333
601,2012-08-23,Fall,2012,8,0,4,1,Clear/Partly Cloudy,0.695833,0.637008,0.635833,0.0845958,1363,6402,7765,High Demand (Peak Day),6891.142857142857,6947.9
602,2012-08-24,Fall,2012,8,0,5,1,Misty/Cloudy,0.7025,0.6471,0.615,0.0721458,1325,6257,7582,High Demand (Peak Day),6953.142857142857,6928.2
603,2012-08-25,Fall,2012,8,0,6,0,Misty/Cloudy,0.661667,0.618696,0.712917,0.244408,1829,4224,6053,High Demand (Peak Day),6694.285714285715,6901.266666666666
604,2012-08-26,Fall,2012,8,0,0,0,Misty/Cloudy,0.653333,0.595996,0.845833,0.228858,1483,3772,5255,Medium Demand (Typical Day),6795.142857142857,6846.3
605,2012-08-27,Fall,2012,8,0,1,1,Clear/Partly Cloudy,0.703333,0.654688,0.730417,0.128733,989,5928,6917,High Demand (Peak Day),6850.428571428572,6854.033333333334
606,2012-08-28,Fall,2012,8,0,2,1,Clear/Partly Cloudy,0.728333,0.66605,0.62,0.190925,935,6105,7040,High Demand (Peak Day),6855.285714285715,6868.8
607,2012-08-29,Fall,2012,8,0,3,1,Clear/Partly Cloudy,0.685,0.635733,0.552083,0.112562,1177,6520,7697,High Demand (Peak Day),6901.285714285715,6888.533333333334
608,2012-08-30,Fall,2012,8,0,4,1,Clear/Partly Cloudy,0.706667,0.652779,0.590417,0.0771167,1172,6541,7713,High Demand (Peak Day),6893.857142857143,6905.1
609,2012-08-31,Fall,2012,8,0,5,1,Clear/Partly Cloudy,0.764167,0.6894,0.5875,0.168533,1433,5917,7350,High Demand (Peak Day),6860.714285714285,6897.433333333333
610,2012-09-01,Fall,2012,9,0,6,0,Misty/Cloudy,0.753333,0.702654,0.638333,0.113187,2352,3788,6140,High Demand (Peak Day),6873.142857142857,6860.066666666667
611,2012-09-02,Fall,2012,9,0,0,0,Misty/Cloudy,0.696667,0.649,0.815,0.0640708,2613,3197,5810,Medium Demand (Typical Day),6952.428571428572,6814.566666666667
612,2012-09-03,Fall,2012,9,1,1,0,Clear/Partly Cloudy,0.7075,0.661629,0.790833,0.151121,1965,4069,6034,High Demand (Peak Day),6826.285714285715,6788.233333333334
613,2012-09-04,Fall,2012,9,0,2,1,Clear/Partly Cloudy,0.725833,0.686888,0.755,0.236321,867,5997,6864,High Demand (Peak Day),6801.142857142857,6834.9
614,2012-09-05,Fall,2012,9,0,3,1,Clear/Partly Cloudy,0.736667,0.708983,0.74125,0.187808,832,6280,7112,High Demand (Peak Day),6717.571428571428,6838.2
615,2012-09-06,Fall,2012,9,0,4,1,Misty/Cloudy,0.696667,0.655329,0.810417,0.142421,611,5592,6203,High Demand (Peak Day),6501.857142857143,6802.533333333334
616,2012-09-07,Fall,2012,9,0,5,1,Clear/Partly Cloudy,0.703333,0.657204,0.73625,0.171646,1045,6459,7504,High Demand (Peak Day),6523.857142857143,6801.533333333334
617,2012-09-08,Fall,2012,9,0,6,0,Misty/Cloudy,0.659167,0.611121,0.799167,0.281104,1557,4419,5976,High Demand (Peak Day),6500.428571428572,6757.866666666667
618,2012-09-09,Fall,2012,9,0,0,0,Clear/Partly Cloudy,0.61,0.578925,0.5475,0.224496,2570,5657,8227,High Demand (Peak Day),6845.714285714285,6839.233333333334
619,2012-09-10,Fall,2012,9,0,1,1,Clear/Partly Cloudy,0.583333,0.565654,0.50375,0.258713,1118,6407,7525,High Demand (Peak Day),7058.714285714285,6880.1
620,2012-09-11,Fall,2012,9,0,2,1,Clear/Partly Cloudy,0.5775,0.554292,0.52,0.0920542,1070,6697,7767,High Demand (Peak Day),7187.714285714285,6920.866666666667
621,2012-09-12,Fall,2012,9,0,3,1,Clear/Partly Cloudy,0.599167,0.570075,0.577083,0.131846,1050,6820,7870,High Demand (Peak Day),7296.0,6953.766666666666
622,2012-09-13,Fall,2012,9,0,4,1,Clear/Partly Cloudy,0.6125,0.579558,0.637083,0.0827208,1054,6750,7804,High Demand (Peak Day),7524.714285714285,6987.766666666666
623,2012-09-14,Fall,2012,9,0,5,1,Clear/Partly Cloudy,0.633333,0.594083,0.6725,0.103863,1379,6630,8009,High Demand (Peak Day),7596.857142857143,7009.833333333333
624,2012-09-15,Fall,2012,9,0,6,0,Clear/Partly Cloudy,0.608333,0.585867,0.501667,0.247521,3160,5554,8714,High Demand (Peak Day),7988.0,7046.8
625,2012-09-16,Fall,2012,9,0,0,0,Clear/Partly Cloudy,0.58,0.563125,0.57,0.0901833,2166,5167,7333,High Demand (Peak Day),7860.285714285715,7052.966666666666
626,2012-09-17,Fall,2012,9,0,1,1,Misty/Cloudy,0.580833,0.55305,0.734583,0.151742,1022,5847,6869,High Demand (Peak Day),7766.571428571428,7019.766666666666
627,2012-09-18,Fall,2012,9,0,2,1,Misty/Cloudy,0.623333,0.565067,0.8725,0.357587,371,3702,4073,Medium Demand (Typical Day),7238.857142857143,7003.9
628,2012-09-19,Fall,2012,9,0,3,1,Clear/Partly Cloudy,0.5525,0.540404,0.536667,0.215175,788,6803,7591,High Demand (Peak Day),7199.0,7039.266666666666
629,2012-09-20,Fall,2012,9,0,4,1,Clear/Partly Cloudy,0.546667,0.532192,0.618333,0.118167,939,6781,7720,High Demand (Peak Day),7187.0,7063.066666666667
630,2012-09-21,Fall,2012,9,0,5,1,Clear/Partly Cloudy,0.599167,0.571971,0.66875,0.154229,1250,6917,8167,High Demand (Peak Day),7209.571428571428,7089.466666666666
631,2012-09-22,Fall,2012,9,0,6,0,Clear/Partly Cloudy,0.65,0.610488,0.646667,0.283583,2512,5883,8395,High Demand (Peak Day),7164.0,7110.466666666666
632,2012-09-23,Winter,2012,9,0,0,0,Clear/Partly Cloudy,0.529167,0.518933,0.467083,0.223258,2454,5453,7907,High Demand (Peak Day),7246.0,7121.3
633,2012-09-24,Winter,2012,9,0,1,1,Clear/Partly Cloudy,0.514167,0.502513,0.492917,0.142404,1001,6435,7436,High Demand (Peak Day),7327.0,7167.4
634,2012-09-25,Winter,2012,9,0,2,1,Clear/Partly Cloudy,0.55,0.544179,0.57,0.236321,845,6693,7538,High Demand (Peak Day),7822.0,7243.5
635,2012-09-26,Winter,2012,9,0,3,1,Clear/Partly Cloudy,0.635,0.596613,0.630833,0.2444,787,6946,7733,High Demand (Peak Day),7842.285714285715,7270.7
636,2012-09-27,Winter,2012,9,0,4,1,Misty/Cloudy,0.65,0.607975,0.690833,0.134342,751,6642,7393,High Demand (Peak Day),7795.571428571428,7282.466666666666
637,2012-09-28,Winter,2012,9,0,5,1,Misty/Cloudy,0.619167,0.585863,0.69,0.164179,1045,6370,7415,High Demand (Peak Day),7688.142857142857,7273.066666666667
638,2012-09-29,Winter,2012,9,0,6,0,Clear/Partly Cloudy,0.5425,0.530296,0.542917,0.227604,2589,5966,8555,High Demand (Peak Day),7711.0,7301.133333333333
639,2012-09-30,Winter,2012,9,0,0,0,Clear/Partly Cloudy,0.526667,0.517663,0.583333,0.134958,2015,4874,6889,High Demand (Peak Day),7565.571428571428,7285.766666666666
640,2012-10-01,Winter,2012,10,0,1,1,Misty/Cloudy,0.520833,0.512,0.649167,0.0908042,763,6015,6778,High Demand (Peak Day),7471.571428571428,7307.033333333334
641,2012-10-02,Winter,2012,10,0,2,1,Light Snow/Rain,0.590833,0.542333,0.871667,0.104475,315,4324,4639,Medium Demand (Typical Day),7057.428571428572,7268.0
642,2012-10-03,Winter,2012,10,0,3,1,Misty/Cloudy,0.6575,0.599133,0.79375,0.0665458,728,6844,7572,High Demand (Peak Day),7034.428571428572,7319.266666666666
643,2012-10-04,Winter,2012,10,0,4,1,Misty/Cloudy,0.6575,0.607975,0.722917,0.117546,891,6437,7328,High Demand (Peak Day),7025.142857142857,7334.733333333334
644,2012-10-05,Winter,2012,10,0,5,1,Clear/Partly Cloudy,0.615,0.580187,0.6275,0.10635,1516,6640,8156,High Demand (Peak Day),7131.0,7369.533333333334
645,2012-10-06,Winter,2012,10,0,6,0,Clear/Partly Cloudy,0.554167,0.538521,0.664167,0.268025,3031,4934,7965,High Demand (Peak Day),7046.714285714285,7428.266666666666
646,2012-10-07,Winter,2012,10,0,0,0,Misty/Cloudy,0.415833,0.419813,0.708333,0.141162,781,2729,3510,Medium Demand (Typical Day),6564.0,7295.133333333333
647,2012-10-08,Winter,2012,10,1,1,0,Misty/Cloudy,0.383333,0.387608,0.709583,0.189679,874,4604,5478,Medium Demand (Typical Day),6378.285714285715,7278.533333333334
648,2012-10-09,Winter,2012,10,0,2,1,Misty/Cloudy,0.446667,0.438112,0.761667,0.1903,601,5791,6392,High Demand (Peak Day),6628.714285714285,7217.366666666667
649,2012-10-10,Winter,2012,10,0,3,1,Clear/Partly Cloudy,0.514167,0.503142,0.630833,0.187821,780,6911,7691,High Demand (Peak Day),6645.714285714285,7222.9
650,2012-10-11,Winter,2012,10,0,4,1,Clear/Partly Cloudy,0.435,0.431167,0.463333,0.181596,834,6736,7570,High Demand (Peak Day),6680.285714285715,7216.333333333333
651,2012-10-12,Winter,2012,10,0,5,1,Clear/Partly Cloudy,0.4375,0.433071,0.539167,0.235092,1060,6222,7282,High Demand (Peak Day),6555.428571428572,7196.733333333334
652,2012-10-13,Winter,2012,10,0,6,0,Clear/Partly Cloudy,0.393333,0.391396,0.494583,0.146142,2252,4857,7109,High Demand (Peak Day),6433.142857142857,7173.566666666667
653,2012-10-14,Winter,2012,10,0,0,0,Clear/Partly Cloudy,0.521667,0.508204,0.640417,0.278612,2080,4559,6639,High Demand (Peak Day),6880.142857142857,7127.9
654,2012-10-15,Winter,2012,10,0,1,1,Misty/Cloudy,0.561667,0.53915,0.7075,0.296037,760,5115,5875,Medium Demand (Typical Day),6936.857142857143,7033.266666666666
655,2012-10-16,Winter,2012,10,0,2,1,Clear/Partly Cloudy,0.468333,0.460846,0.558333,0.182221,922,6612,7534,High Demand (Peak Day),7100.0,7039.966666666666
656,2012-10-17,Winter,2012,10,0,3,1,Clear/Partly Cloudy,0.455833,0.450108,0.692917,0.101371,979,6482,7461,High Demand (Peak Day),7067.142857142857,7059.7
657,2012-10-18,Winter,2012,10,0,4,1,Misty/Cloudy,0.5225,0.512625,0.728333,0.236937,1008,6501,7509,High Demand (Peak Day),7058.428571428572,7174.233333333334
658,2012-10-19,Winter,2012,10,0,5,1,Misty/Cloudy,0.563333,0.537896,0.815,0.134954,753,4671,5424,Medium Demand (Typical Day),6793.0,7102.0
659,2012-10-20,Winter,2012,10,0,6,0,Clear/Partly Cloudy,0.484167,0.472842,0.572917,0.117537,2806,5284,8090,High Demand (Peak Day),6933.142857142857,7114.333333333333
660,2012-10-21,Winter,2012,10,0,0,0,Clear/Partly Cloudy,0.464167,0.456429,0.51,0.166054,2132,4692,6824,High Demand (Peak Day),6959.571428571428,7069.566666666667
661,2012-10-22,Winter,2012,10,0,1,1,Clear/Partly Cloudy,0.4875,0.482942,0.568333,0.0814833,830,6228,7058,High Demand (Peak Day),7128.571428571428,7025.0
662,2012-10-23,Winter,2012,10,0,2,1,Clear/Partly Cloudy,0.544167,0.530304,0.641667,0.0945458,841,6625,7466,High Demand (Peak Day),7118.857142857143,7010.3
663,2012-10-24,Winter,2012,10,0,3,1,Clear/Partly Cloudy,0.5875,0.558721,0.63625,0.0727792,795,6898,7693,High Demand (Peak Day),7152.0,7018.866666666667
664,2012-10-25,Winter,2012,10,0,4,1,Misty/Cloudy,0.55,0.529688,0.800417,0.124375,875,6484,7359,High Demand (Peak Day),7130.571428571428,7012.9
665,2012-10-26,Winter,2012,10,0,5,1,Misty/Cloudy,0.545833,0.52275,0.807083,0.132467,1182,6262,7444,High Demand (Peak Day),7419.142857142857,7003.266666666666
666,2012-10-27,Winter,2012,10,0,6,0,Misty/Cloudy,0.53,0.515133,0.72,0.235692,2643,5209,7852,High Demand (Peak Day),7385.142857142857,7018.566666666667
667,2012-10-28,Winter,2012,10,0,0,0,Misty/Cloudy,0.4775,0.467771,0.694583,0.398008,998,3461,4459,Medium Demand (Typical Day),7047.285714285715,6920.033333333334
668,2012-10-29,Winter,2012,10,0,1,1,Light Snow/Rain,0.44,0.4394,0.88,0.3582,2,20,22,Low Demand (Quiet Day),6042.142857142857,6635.6
669,2012-10-30,Winter,2012,10,0,2,1,Misty/Cloudy,0.318182,0.309909,0.825455,0.213009,87,1009,1096,Low Demand (Quiet Day),5132.142857142857,6442.5
670,2012-10-31,Winter,2012,10,0,3,1,Misty/Cloudy,0.3575,0.3611,0.666667,0.166667,419,5147,5566,Medium Demand (Typical Day),4828.285714285715,6402.1
671,2012-11-01,Winter,2012,11,0,4,1,Misty/Cloudy,0.365833,0.369942,0.581667,0.157346,466,5520,5986,High Demand (Peak Day),4632.142857142857,6447.0
672,2012-11-02,Winter,2012,11,0,5,1,Clear/Partly Cloudy,0.355,0.356042,0.522083,0.266175,618,5229,5847,Medium Demand (Typical Day),4404.0,6389.5
673,2012-11-03,Winter,2012,11,0,6,0,Misty/Cloudy,0.343333,0.323846,0.49125,0.270529,1029,4109,5138,Medium Demand (Typical Day),4016.285714285714,6316.5
674,2012-11-04,Winter,2012,11,0,0,0,Clear/Partly Cloudy,0.325833,0.329538,0.532917,0.179108,1201,3906,5107,Medium Demand (Typical Day),4108.857142857143,6214.866666666667
675,2012-11-05,Winter,2012,11,0,1,1,Clear/Partly Cloudy,0.319167,0.308075,0.494167,0.236325,378,4881,5259,Medium Demand (Typical Day),4857.0,6124.666666666667
676,2012-11-06,Winter,2012,11,0,2,1,Clear/Partly Cloudy,0.280833,0.281567,0.567083,0.173513,466,5220,5686,Medium Demand (Typical Day),5512.714285714285,6197.2
677,2012-11-07,Winter,2012,11,0,3,1,Misty/Cloudy,0.295833,0.274621,0.5475,0.304108,326,4709,5035,Medium Demand (Typical Day),5436.857142857143,6182.433333333333
678,2012-11-08,Winter,2012,11,0,4,1,Clear/Partly Cloudy,0.352174,0.341891,0.333478,0.347835,340,4975,5315,Medium Demand (Typical Day),5341.0,6146.533333333334
679,2012-11-09,Winter,2012,11,0,5,1,Clear/Partly Cloudy,0.361667,0.355413,0.540833,0.214558,709,5283,5992,High Demand (Peak Day),5361.714285714285,6089.9
680,2012-11-10,Winter,2012,11,0,6,0,Clear/Partly Cloudy,0.389167,0.393937,0.645417,0.0578458,2090,4446,6536,High Demand (Peak Day),5561.428571428572,6055.433333333333
681,2012-11-11,Winter,2012,11,0,0,0,Clear/Partly Cloudy,0.420833,0.421713,0.659167,0.1275,2290,4562,6852,High Demand (Peak Day),5810.714285714285,6041.1
682,2012-11-12,Winter,2012,11,1,1,0,Clear/Partly Cloudy,0.485,0.475383,0.741667,0.173517,1097,5172,6269,High Demand (Peak Day),5955.0,6013.1
683,2012-11-13,Winter,2012,11,0,2,1,Misty/Cloudy,0.343333,0.323225,0.662917,0.342046,327,3767,4094,Medium Demand (Typical Day),5727.571428571428,5928.266666666666
684,2012-11-14,Winter,2012,11,0,3,1,Clear/Partly Cloudy,0.289167,0.281563,0.552083,0.199625,373,5122,5495,Medium Demand (Typical Day),5793.285714285715,5915.6
685,2012-11-15,Winter,2012,11,0,4,1,Misty/Cloudy,0.321667,0.324492,0.620417,0.152987,320,5125,5445,Medium Demand (Typical Day),5811.857142857143,5845.966666666666
686,2012-11-16,Winter,2012,11,0,5,1,Clear/Partly Cloudy,0.345,0.347204,0.524583,0.171025,484,5214,5698,Medium Demand (Typical Day),5769.857142857143,5787.2
687,2012-11-17,Winter,2012,11,0,6,0,Clear/Partly Cloudy,0.325,0.326383,0.545417,0.179729,1313,4316,5629,Medium Demand (Typical Day),5640.285714285715,5724.533333333334
688,2012-11-18,Winter,2012,11,0,0,0,Clear/Partly Cloudy,0.3425,0.337746,0.692917,0.227612,922,3747,4669,Medium Demand (Typical Day),5328.428571428572,5699.366666666667
689,2012-11-19,Winter,2012,11,0,1,1,Misty/Cloudy,0.380833,0.375621,0.623333,0.235067,449,5050,5499,Medium Demand (Typical Day),5218.428571428572,5613.0
690,2012-11-20,Winter,2012,11,0,2,1,Misty/Cloudy,0.374167,0.380667,0.685,0.082725,534,5100,5634,Medium Demand (Typical Day),5438.428571428572,5573.333333333333
691,2012-11-21,Winter,2012,11,0,3,1,Clear/Partly Cloudy,0.353333,0.364892,0.61375,0.103246,615,4531,5146,Medium Demand (Typical Day),5388.571428571428,5509.6
692,2012-11-22,Winter,2012,11,1,4,0,Clear/Partly Cloudy,0.34,0.350371,0.580417,0.0528708,955,1470,2425,Low Demand (Quiet Day),4957.142857142857,5341.566666666667
693,2012-11-23,Winter,2012,11,0,5,1,Clear/Partly Cloudy,0.368333,0.378779,0.56875,0.148021,1603,2307,3910,Medium Demand (Typical Day),4701.714285714285,5215.466666666666
694,2012-11-24,Winter,2012,11,0,6,0,Clear/Partly Cloudy,0.278333,0.248742,0.404583,0.376871,532,1745,2277,Low Demand (Quiet Day),4222.857142857143,5046.066666666667
695,2012-11-25,Winter,2012,11,0,0,0,Clear/Partly Cloudy,0.245833,0.257583,0.468333,0.1505,309,2115,2424,Low Demand (Quiet Day),3902.1428571428573,4878.733333333334
696,2012-11-26,Winter,2012,11,0,1,1,Clear/Partly Cloudy,0.313333,0.339004,0.535417,0.04665,337,4750,5087,Medium Demand (Typical Day),3843.285714285714,4786.566666666667
697,2012-11-27,Winter,2012,11,0,2,1,Misty/Cloudy,0.291667,0.281558,0.786667,0.237562,123,3836,3959,Medium Demand (Typical Day),3604.0,4769.9
698,2012-11-28,Winter,2012,11,0,3,1,Clear/Partly Cloudy,0.296667,0.289762,0.50625,0.210821,198,5062,5260,Medium Demand (Typical Day),3620.285714285714,4944.5
699,2012-11-29,Winter,2012,11,0,4,1,Clear/Partly Cloudy,0.28087,0.298422,0.555652,0.115522,243,5080,5323,Medium Demand (Typical Day),4034.285714285714,5085.4
700,2012-11-30,Winter,2012,11,0,5,1,Clear/Partly Cloudy,0.298333,0.323867,0.649583,0.0584708,362,5306,5668,Medium Demand (Typical Day),4285.428571428572,5088.8
701,2012-12-01,Winter,2012,12,0,6,0,Misty/Cloudy,0.298333,0.316904,0.806667,0.0597042,951,4240,5191,Medium Demand (Typical Day),4701.714285714285,5062.3
702,2012-12-02,Winter,2012,12,0,0,0,Misty/Cloudy,0.3475,0.359208,0.823333,0.124379,892,3757,4649,Medium Demand (Typical Day),5019.571428571428,5022.366666666667
703,2012-12-03,Winter,2012,12,0,1,1,Clear/Partly Cloudy,0.4525,0.455796,0.7675,0.0827208,555,5679,6234,High Demand (Peak Day),5183.428571428572,5058.9
704,2012-12-04,Winter,2012,12,0,2,1,Clear/Partly Cloudy,0.475833,0.469054,0.73375,0.174129,551,6055,6606,High Demand (Peak Day),5561.571428571428,5108.866666666667
705,2012-12-05,Winter,2012,12,0,3,1,Clear/Partly Cloudy,0.438333,0.428012,0.485,0.324021,331,5398,5729,Medium Demand (Typical Day),5628.571428571428,5124.533333333334
706,2012-12-06,Winter,2012,12,0,4,1,Clear/Partly Cloudy,0.255833,0.258204,0.50875,0.174754,340,5035,5375,Medium Demand (Typical Day),5636.0,5114.166666666667
707,2012-12-07,Winter,2012,12,0,5,1,Misty/Cloudy,0.320833,0.321958,0.764167,0.1306,349,4659,5008,Medium Demand (Typical Day),5541.714285714285,5113.266666666666
708,2012-12-08,Winter,2012,12,0,6,0,Misty/Cloudy,0.381667,0.389508,0.91125,0.101379,1153,4429,5582,Medium Demand (Typical Day),5597.571428571428,5122.166666666667
709,2012-12-09,Winter,2012,12,0,0,0,Misty/Cloudy,0.384167,0.390146,0.905417,0.157975,441,2787,3228,Medium Demand (Typical Day),5394.571428571428,5030.033333333334
710,2012-12-10,Winter,2012,12,0,1,1,Misty/Cloudy,0.435833,0.435575,0.925,0.190308,329,4841,5170,Medium Demand (Typical Day),5242.571428571428,4984.5
711,2012-12-11,Winter,2012,12,0,2,1,Misty/Cloudy,0.353333,0.338363,0.596667,0.296037,282,5219,5501,Medium Demand (Typical Day),5084.714285714285,4939.466666666666
712,2012-12-12,Winter,2012,12,0,3,1,Misty/Cloudy,0.2975,0.297338,0.538333,0.162937,310,5009,5319,Medium Demand (Typical Day),5026.142857142857,4907.8
713,2012-12-13,Winter,2012,12,0,4,1,Clear/Partly Cloudy,0.295833,0.294188,0.485833,0.174129,425,5107,5532,Medium Demand (Typical Day),5048.571428571428,4955.733333333334
714,2012-12-14,Winter,2012,12,0,5,1,Clear/Partly Cloudy,0.281667,0.294192,0.642917,0.131229,429,5182,5611,Medium Demand (Typical Day),5134.714285714285,4959.6
715,2012-12-15,Winter,2012,12,0,6,0,Clear/Partly Cloudy,0.324167,0.338383,0.650417,0.10635,767,4280,5047,Medium Demand (Typical Day),5058.285714285715,4946.333333333333
716,2012-12-16,Winter,2012,12,0,0,0,Misty/Cloudy,0.3625,0.369938,0.83875,0.100742,538,3248,3786,Medium Demand (Typical Day),5138.0,4882.6
717,2012-12-17,Winter,2012,12,0,1,1,Misty/Cloudy,0.393333,0.4015,0.907083,0.0982583,212,4373,4585,Medium Demand (Typical Day),5054.428571428572,4847.8
718,2012-12-18,Winter,2012,12,0,2,1,Clear/Partly Cloudy,0.410833,0.409708,0.66625,0.221404,433,5124,5557,Medium Demand (Typical Day),5062.428571428572,4877.4
719,2012-12-19,Winter,2012,12,0,3,1,Clear/Partly Cloudy,0.3325,0.342162,0.625417,0.184092,333,4934,5267,Medium Demand (Typical Day),5055.0,4869.666666666667
720,2012-12-20,Winter,2012,12,0,4,1,Misty/Cloudy,0.33,0.335217,0.667917,0.132463,314,3814,4128,Medium Demand (Typical Day),4854.428571428572,4819.466666666666
721,2012-12-21,Spring,2012,12,0,5,1,Misty/Cloudy,0.326667,0.301767,0.556667,0.374383,221,3402,3623,Medium Demand (Typical Day),4570.428571428572,4768.7
722,2012-12-22,Spring,2012,12,0,6,0,Clear/Partly Cloudy,0.265833,0.236113,0.44125,0.407346,205,1544,1749,Low Demand (Quiet Day),4099.285714285715,4746.166666666667
723,2012-12-23,Spring,2012,12,0,0,0,Clear/Partly Cloudy,0.245833,0.259471,0.515417,0.133083,408,1379,1787,Low Demand (Quiet Day),3813.714285714286,4675.4
724,2012-12-24,Spring,2012,12,0,1,1,Misty/Cloudy,0.231304,0.2589,0.791304,0.0772304,174,746,920,Low Demand (Quiet Day),3290.1428571428573,4630.166666666667
725,2012-12-25,Spring,2012,12,1,2,0,Misty/Cloudy,0.291304,0.294465,0.734783,0.168726,440,573,1013,Low Demand (Quiet Day),2641.0,4583.133333333333
726,2012-12-26,Spring,2012,12,0,3,1,Light Snow/Rain,0.243333,0.220333,0.823333,0.316546,9,432,441,Low Demand (Quiet Day),1951.5714285714287,4428.266666666666
727,2012-12-27,Spring,2012,12,0,4,1,Misty/Cloudy,0.254167,0.226642,0.652917,0.350133,247,1867,2114,Low Demand (Quiet Day),1663.857142857143,4366.766666666666
728,2012-12-28,Spring,2012,12,0,5,1,Misty/Cloudy,0.253333,0.255046,0.59,0.155471,644,2451,3095,Low Demand (Quiet Day),1588.4285714285713,4294.6
729,2012-12-29,Spring,2012,12,0,6,0,Misty/Cloudy,0.253333,0.2424,0.752917,0.124383,159,1182,1341,Low Demand (Quiet Day),1530.142857142857,4161.866666666667
730,2012-12-30,Spring,2012,12,0,0,0,Clear/Partly Cloudy,0.255833,0.2317,0.483333,0.350754,364,1432,1796,Low Demand (Quiet Day),1531.4285714285713,4032.8
731,2012-12-31,Spring,2012,12,0,1,1,Misty/Cloudy,0.215833,0.223487,0.5775,0.154846,439,2290,2729,Low Demand (Quiet Day),1789.857142857143,3950.733333333333
